,rc_th,rc_r,rc_p,rc_y,sen_roll,sen_pitch,sen_yaw,relative_yaw,cam_x,cam_y,cam_z,estimated_x,estimated_y,drone_error_x,drone_error_y,mode,AUX2,AUX3,Battery,time step
0,1400,1512,1484,1500,-0.2,0.4,0,180.0,-25.974930376741302,-31.503534648313618,300.3954931854985,1000,1000,-25.974930376741305,31.503534648313614,Controller Detection,1500,1500,3.7,1.930077075958252
1,1700,1513,1483,1500,-0.2,0.4,359,-179.0,-26.672296160702867,-32.30128084713645,308.4867578340489,1000,1000,-26.10449875901836,32.76185695882084,Controller Detection,1500,1500,3.7,1.9800708293914795
2,1700,1513,1483,1500,-0.2,0.4,359,-179.0,-26.672296160702867,-32.30128084713645,308.4867578340489,1000,1000,-26.10449875901836,32.76185695882084,Controller Detection,1500,1500,3.7,2.0320751667022705
3,1700,1512,1484,1500,-0.2,0.4,359,-179.0,-25.56024325406442,-31.10590538056851,296.14598562446344,1000,1000,-25.013477401911647,31.54725555441998,Controller Detection,1500,1500,3.7,2.0800726413726807
4,1700,1512,1484,1500,-0.2,0.4,359,-179.0,-25.974930376741302,-31.503534648313618,300.3954931854985,1000,1000,-25.421161778139115,31.952061549510912,Controller Detection,1500,1500,3.7,2.134080171585083
5,1700,1512,1484,1500,-0.2,0.4,359,-179.0,-25.974930376741302,-31.503534648313618,300.3954931854985,1000,1000,-25.421161778139115,31.952061549510912,Controller Detection,1500,1500,3.7,2.183069944381714
6,1700,1512,1484,1500,-0.2,0.4,359,-179.0,-25.56024325406442,-31.10590538056851,296.14598562446344,1000,1000,-25.013477401911647,31.54725555441998,Controller Detection,1500,1500,3.7,2.2370755672454834
7,1700,1512,1484,1500,-0.2,0.4,359,-179.0,-25.974930376741302,-31.503534648313618,300.3954931854985,1000,1000,-25.421161778139115,31.952061549510912,Controller Detection,1500,1500,3.7,2.290071487426758
8,1700,1512,1484,1500,-0.2,0.4,0,180.0,-25.974930376741302,-31.503534648313618,300.3954931854985,1000,1000,-25.974930376741305,31.503534648313614,Controller Detection,1500,1500,3.7,2.3360848426818848
9,1700,1512,1484,1500,-0.2,0.4,0,180.0,-25.42193436539221,-30.895070206245375,294.6440139262071,1000,1000,-25.421934365392215,30.89507020624537,Controller Detection,1500,1500,3.7,2.3880722522735596
10,1700,1512,1484,1500,-0.2,0.4,0,180.0,-25.42193436539221,-30.895070206245375,294.6440139262071,1000,1000,-25.421934365392215,30.89507020624537,Controller Detection,1500,1500,3.7,2.441075086593628
11,1700,1512,1484,1500,-0.2,0.4,0,180.0,-25.974930376741302,-31.503534648313618,300.3954931854985,1000,1000,-25.974930376741305,31.503534648313614,Controller Detection,1500,1500,3.7,2.4920811653137207
12,1700,1512,1484,1500,-0.2,0.4,0,180.0,-25.974930376741302,-31.503534648313618,300.3954931854985,1000,1000,-25.974930376741305,31.503534648313614,Controller Detection,1500,1500,3.7,2.543076992034912
13,1700,1512,1484,1500,-0.2,0.4,0,180.0,-25.974930376741302,-31.503534648313618,300.3954931854985,1000,1000,-25.974930376741305,31.503534648313614,Controller Detection,1500,1500,3.7,2.5920794010162354
14,1700,1512,1484,1500,-0.2,0.4,0,180.0,-25.974930376741302,-31.503534648313618,300.3954931854985,1000,1000,-25.974930376741305,31.503534648313614,Controller Detection,1500,1500,3.7,2.6440765857696533
15,1700,1512,1484,1500,-0.2,0.4,0,180.0,-25.974930376741302,-31.503534648313618,300.3954931854985,1000,1000,-25.974930376741305,31.503534648313614,Controller Detection,1500,1500,3.7,2.696071147918701
16,1700,1512,1484,1500,-0.2,0.4,0,180.0,-25.974930376741302,-31.503534648313618,300.3954931854985,1000,1000,-25.974930376741305,31.503534648313614,Controller Detection,1500,1500,3.7,2.7470881938934326
17,1700,1512,1484,1500,-0.2,0.4,0,180.0,-25.974930376741302,-31.503534648313618,300.3954931854985,1000,1000,-25.974930376741305,31.503534648313614,Controller Detection,1500,1500,3.7,2.796076536178589
18,1700,1512,1484,1500,-0.2,0.4,359,-179.0,-25.974930376741302,-31.503534648313618,300.3954931854985,1000,1000,-25.421161778139115,31.952061549510912,Controller Detection,1500,1500,3.7,2.8470730781555176
19,1700,1512,1484,1500,-0.2,0.4,359,-179.0,-25.974930376741302,-31.503534648313618,300.3954931854985,1000,1000,-25.421161778139115,31.952061549510912,Controller Detection,1500,1500,3.7,2.897075653076172
20,1700,1512,1484,1500,-0.2,0.4,359,-179.0,-25.974930376741302,-31.503534648313618,300.3954931854985,1000,1000,-25.421161778139115,31.952061549510912,Controller Detection,1500,1500,3.7,2.948070764541626
21,1700,1512,1484,1500,-0.2,0.4,359,-179.0,-25.974930376741302,-31.503534648313618,300.3954931854985,1000,1000,-25.421161778139115,31.952061549510912,Controller Detection,1500,1500,3.7,2.9980733394622803
22,1700,1512,1484,1500,-0.2,0.4,359,-179.0,-25.974930376741302,-31.503534648313618,300.3954931854985,1000,1000,-25.421161778139115,31.952061549510912,Controller Detection,1500,1500,3.7,3.0480756759643555
23,1700,1513,1483,1500,-0.2,0.4,359,-179.0,-26.672296160702867,-32.30128084713645,308.4867578340489,1000,1000,-26.10449875901836,32.76185695882084,Controller Detection,1500,1500,3.7,3.099069833755493
24,1700,1512,1484,1500,-0.2,0.4,359,-179.0,-25.42193436539221,-30.895070206245375,294.6440139262071,1000,1000,-24.87886915950666,31.3340386683761,Controller Detection,1500,1500,3.7,3.1500704288482666
25,1700,1513,1483,1500,-0.2,0.4,359,-179.0,-26.672296160702867,-32.30128084713645,308.4867578340489,1000,1000,-26.10449875901836,32.76185695882084,Controller Detection,1500,1500,3.7,3.197075128555298
26,1700,1512,1484,1500,-0.2,0.4,359,-179.0,-25.974930376741302,-31.503534648313618,300.3954931854985,1000,1000,-25.421161778139115,31.952061549510912,Controller Detection,1500,1500,3.7,3.2530953884124756
27,1700,1512,1484,1500,-0.2,0.4,359,-179.0,-25.974930376741302,-31.503534648313618,300.3954931854985,1000,1000,-25.421161778139115,31.952061549510912,Controller Detection,1500,1500,3.7,3.3030803203582764
28,1700,1512,1484,1500,-0.2,0.4,359,-179.0,-25.974930376741302,-31.503534648313618,300.3954931854985,1000,1000,-25.421161778139115,31.952061549510912,Controller Detection,1500,1500,3.7,3.352081775665283
29,1700,1513,1484,1500,-0.2,0.4,0,180.0,-26.25018586230259,-31.905561658160202,304.250710114501,1000,1000,-26.250185862302594,31.9055616581602,Controller Detection,1500,1500,3.7,3.4040701389312744
30,1700,1512,1484,1500,-0.2,0.4,0,180.0,-25.42193436539221,-30.895070206245375,294.6440139262071,1000,1000,-25.421934365392215,30.89507020624537,Controller Detection,1500,1500,3.7,3.45408296585083
31,1700,1512,1484,1500,-0.2,0.4,0,180.0,-25.974930376741302,-31.503534648313618,300.3954931854985,1000,1000,-25.974930376741305,31.503534648313614,Controller Detection,1500,1500,3.7,3.504082679748535
32,1700,1512,1484,1500,-0.2,0.4,0,180.0,-25.42193436539221,-30.895070206245375,294.6440139262071,1000,1000,-25.421934365392215,30.89507020624537,Controller Detection,1500,1500,3.7,3.5550763607025146
33,1700,1512,1484,1500,-0.3,0.4,0,180.0,-25.974930376741302,-31.503534648313618,300.3954931854985,1000,1000,-25.974930376741305,31.503534648313614,Controller Detection,1500,1500,3.7,3.605083703994751
34,1700,1513,1483,1500,-0.3,0.4,0,180.0,-26.672296160702867,-32.30128084713645,308.4867578340489,1000,1000,-26.67229616070287,32.30128084713645,Controller Detection,1500,1500,3.7,3.652078866958618
35,1700,1512,1484,1500,-0.3,0.4,0,180.0,-25.974930376741302,-31.503534648313618,300.3954931854985,1000,1000,-25.974930376741305,31.503534648313614,Controller Detection,1500,1500,3.7,3.704075336456299
36,1700,1512,1484,1500,-0.3,0.4,0,180.0,-25.974930376741302,-31.503534648313618,300.3954931854985,1000,1000,-25.974930376741305,31.503534648313614,Controller Detection,1500,1500,3.7,3.7550766468048096
37,1700,1513,1483,1500,-0.3,0.4,0,180.0,-26.672296160702867,-32.30128084713645,308.4867578340489,1000,1000,-26.67229616070287,32.30128084713645,Controller Detection,1500,1500,3.7,3.8050787448883057
38,1700,1512,1484,1500,-0.3,0.4,0,180.0,-25.42193436539221,-30.895070206245375,294.6440139262071,1000,1000,-25.421934365392215,30.89507020624537,Controller Detection,1500,1500,3.7,3.8560824394226074
39,1700,1513,1483,1500,-0.3,0.4,0,180.0,-26.672296160702867,-32.30128084713645,308.4867578340489,1000,1000,-26.67229616070287,32.30128084713645,Controller Detection,1500,1500,3.7,3.9150867462158203
40,1700,1512,1484,1500,-0.3,0.4,0,180.0,-25.974930376741302,-31.503534648313618,300.3954931854985,1000,1000,-25.974930376741305,31.503534648313614,Controller Detection,1500,1500,3.7,3.97007417678833
41,1700,1512,1484,1500,-0.3,0.4,0,180.0,-25.974930376741302,-31.503534648313618,300.3954931854985,1000,1000,-25.974930376741305,31.503534648313614,Controller Detection,1500,1500,3.7,4.024077653884888
42,1700,1512,1484,1500,-0.3,0.4,359,-179.0,-25.974930376741302,-31.503534648313618,300.3954931854985,1000,1000,-25.421161778139115,31.952061549510912,Controller Detection,1500,1500,3.7,4.075073957443237
43,1700,1512,1484,1500,-0.3,0.4,359,-179.0,-25.974930376741302,-31.503534648313618,300.3954931854985,1000,1000,-25.421161778139115,31.952061549510912,Controller Detection,1500,1500,3.7,4.128074884414673
44,1700,1512,1484,1500,-0.3,0.4,359,-179.0,-25.974930376741302,-31.503534648313618,300.3954931854985,1000,1000,-25.421161778139115,31.952061549510912,Controller Detection,1500,1500,3.7,4.179073810577393
45,1700,1513,1483,1500,-0.3,0.4,359,-179.0,-26.672296160702867,-32.30128084713645,308.4867578340489,1000,1000,-26.10449875901836,32.76185695882084,Controller Detection,1500,1500,3.7,4.2340734004974365
46,1700,1513,1483,1500,-0.3,0.4,359,-179.0,-26.672296160702867,-32.30128084713645,308.4867578340489,1000,1000,-26.10449875901836,32.76185695882084,Controller Detection,1500,1500,3.7,4.2840776443481445
47,1700,1512,1484,1500,-0.3,0.4,359,-179.0,-25.42193436539221,-30.895070206245375,294.6440139262071,1000,1000,-24.87886915950666,31.3340386683761,Controller Detection,1500,1500,3.7,4.337085723876953
48,1700,1512,1484,1500,-0.3,0.4,359,-179.0,-25.974930376741302,-31.503534648313618,300.3954931854985,1000,1000,-25.421161778139115,31.952061549510912,Controller Detection,1500,1500,3.7,4.384072780609131
49,1700,1513,1483,1500,-0.3,0.4,359,-179.0,-26.672296160702867,-32.30128084713645,308.4867578340489,1000,1000,-26.10449875901836,32.76185695882084,Controller Detection,1500,1500,3.7,4.435086488723755
50,1700,1512,1484,1500,-0.3,0.4,359,-179.0,-25.974930376741302,-31.503534648313618,300.3954931854985,1000,1000,-25.421161778139115,31.952061549510912,Controller Detection,1500,1500,3.7,4.48407506942749
51,1700,1513,1483,1500,-0.3,0.4,359,-179.0,-26.672296160702867,-32.30128084713645,308.4867578340489,1000,1000,-26.10449875901836,32.76185695882084,Controller Detection,1500,1500,3.7,4.535078048706055
52,1700,1512,1484,1500,-0.3,0.4,359,-179.0,-25.974930376741302,-31.503534648313618,300.3954931854985,1000,1000,-25.421161778139115,31.952061549510912,Controller Detection,1500,1500,3.7,4.5830771923065186
53,1700,1512,1484,1500,-0.3,0.4,359,-179.0,-25.42193436539221,-30.895070206245375,294.6440139262071,1000,1000,-24.87886915950666,31.3340386683761,Controller Detection,1500,1500,3.7,4.637080907821655
54,1700,1512,1484,1500,-0.3,0.4,359,-179.0,-25.974930376741302,-31.503534648313618,300.3954931854985,1000,1000,-25.421161778139115,31.952061549510912,Controller Detection,1500,1500,3.7,4.68807315826416
55,1700,1513,1483,1500,-0.3,0.4,359,-179.0,-26.672296160702867,-32.30128084713645,308.4867578340489,1000,1000,-26.10449875901836,32.76185695882084,Controller Detection,1500,1500,3.7,4.738073110580444
56,1700,1512,1484,1500,-0.3,0.4,359,-179.0,-25.974930376741302,-31.503534648313618,300.3954931854985,1000,1000,-25.421161778139115,31.952061549510912,Controller Detection,1500,1500,3.7,4.788094997406006
57,1700,1512,1484,1500,-0.3,0.4,359,-179.0,-25.42193436539221,-30.895070206245375,294.6440139262071,1000,1000,-24.87886915950666,31.3340386683761,Controller Detection,1500,1500,3.7,4.84107518196106
58,1700,1512,1484,1500,-0.3,0.4,0,180.0,-25.42193436539221,-30.895070206245375,294.6440139262071,1000,1000,-25.421934365392215,30.89507020624537,Controller Detection,1500,1500,3.7,4.894082546234131
59,1700,1512,1484,1500,-0.3,0.4,0,180.0,-25.974930376741302,-31.503534648313618,300.3954931854985,1000,1000,-25.974930376741305,31.503534648313614,Controller Detection,1500,1500,3.7,4.949076414108276
60,1700,1512,1483,1500,-0.2,0.4,358,-178.0,-26.672296160702867,-32.30128084713645,308.4867578340489,1000,1000,-25.528749674131888,33.21245349150434,Controller Detection,1500,1500,3.7,6.665770530700684
61,1700,1512,1483,1500,-0.2,0.4,358,-178.0,-26.672296160702867,-32.30128084713645,308.4867578340489,1000,1000,-25.528749674131888,33.21245349150434,Controller Detection,1500,1500,3.7,6.720788240432739
62,1700,1512,1483,1500,-0.2,0.4,358,-178.0,-26.672296160702867,-32.30128084713645,308.4867578340489,1000,1000,-25.528749674131888,33.21245349150434,Controller Detection,1500,1500,3.7,6.772778034210205
63,1700,1512,1483,1500,-0.2,0.4,358,-178.0,-26.672296160702867,-32.30128084713645,308.4867578340489,1000,1000,-25.528749674131888,33.21245349150434,Controller Detection,1500,1500,3.7,6.8257715702056885
64,1700,1512,1484,1500,-0.2,0.4,358,-178.0,-25.42193436539221,-30.895070206245375,294.6440139262071,1000,1000,-24.32822560906809,31.763462478788785,Controller Detection,1500,1500,3.7,6.877776145935059
65,1700,1512,1483,1500,-0.2,0.4,358,-178.0,-25.974930376741302,-31.503534648313618,300.3954931854985,1000,1000,-24.85964964739897,32.390855543233656,Controller Detection,1500,1500,3.7,6.928777456283569
66,1700,1512,1483,1500,-0.2,0.4,358,-178.0,-26.672296160702867,-32.30128084713645,308.4867578340489,1000,1000,-25.528749674131888,33.21245349150434,Controller Detection,1500,1500,3.7,6.9827752113342285
67,1700,1513,1483,1500,-0.2,0.4,359,-179.0,-26.672296160702867,-32.30128084713645,308.4867578340489,1000,1000,-26.10449875901836,32.76185695882084,Controller Detection,1500,1500,3.7,7.043771505355835
68,1700,1512,1484,1500,-0.2,0.4,359,-179.0,-25.42193436539221,-30.895070206245375,294.6440139262071,1000,1000,-24.87886915950666,31.3340386683761,Controller Detection,1500,1500,3.7,7.10078501701355
69,1700,1513,1483,1500,-0.2,0.4,359,-179.0,-26.672296160702867,-32.30128084713645,308.4867578340489,1000,1000,-26.10449875901836,32.76185695882084,Controller Detection,1500,1500,3.7,7.158772230148315
70,1700,1512,1484,1500,-0.2,0.4,359,-179.0,-25.974930376741302,-31.503534648313618,300.3954931854985,1000,1000,-25.421161778139115,31.952061549510912,Controller Detection,1500,1500,3.7,7.212775468826294
71,1700,1513,1483,1500,-0.2,0.4,359,-179.0,-26.672296160702867,-32.30128084713645,308.4867578340489,1000,1000,-26.10449875901836,32.76185695882084,Controller Detection,1500,1500,3.7,7.2657694816589355
72,1700,1512,1484,1500,-0.2,0.4,359,-179.0,-25.974930376741302,-31.503534648313618,300.3954931854985,1000,1000,-25.421161778139115,31.952061549510912,Controller Detection,1500,1500,3.7,7.319769382476807
73,1700,1513,1483,1500,-0.2,0.4,359,-179.0,-26.672296160702867,-32.30128084713645,308.4867578340489,1000,1000,-26.10449875901836,32.76185695882084,Controller Detection,1500,1500,3.7,7.373776912689209
74,1700,1513,1483,1500,-0.2,0.4,359,-179.0,-26.672296160702867,-32.30128084713645,308.4867578340489,1000,1000,-26.10449875901836,32.76185695882084,Controller Detection,1500,1500,3.7,7.429775238037109
75,1700,1513,1483,1500,-0.2,0.4,359,-179.0,-26.672296160702867,-32.30128084713645,308.4867578340489,1000,1000,-26.10449875901836,32.76185695882084,Controller Detection,1500,1500,3.7,7.480773448944092
76,1700,1513,1483,1500,-0.2,0.4,359,-179.0,-26.672296160702867,-32.30128084713645,308.4867578340489,1000,1000,-26.10449875901836,32.76185695882084,Controller Detection,1500,1500,3.7,7.532773971557617
77,1700,1513,1483,1500,-0.2,0.4,359,-179.0,-26.672296160702867,-32.30128084713645,308.4867578340489,1000,1000,-26.10449875901836,32.76185695882084,Controller Detection,1500,1500,3.7,7.587777853012085
78,1700,1513,1483,1500,-0.2,0.4,359,-179.0,-26.672296160702867,-32.30128084713645,308.4867578340489,1000,1000,-26.10449875901836,32.76185695882084,Controller Detection,1500,1500,3.7,7.641770362854004
79,1700,1513,1483,1500,-0.2,0.4,359,-179.0,-26.672296160702867,-32.30128084713645,308.4867578340489,1000,1000,-26.10449875901836,32.76185695882084,Controller Detection,1500,1500,3.7,7.6967713832855225
80,1700,1513,1483,1500,-0.2,0.4,359,-179.0,-26.672296160702867,-32.30128084713645,308.4867578340489,1000,1000,-26.10449875901836,32.76185695882084,Controller Detection,1500,1500,3.7,7.751781940460205
81,1700,1512,1484,1500,-0.2,0.4,359,-179.0,-25.42193436539221,-30.895070206245375,294.6440139262071,1000,1000,-24.87886915950666,31.3340386683761,Controller Detection,1500,1500,3.7,7.806771278381348
82,1700,1513,1483,1500,-0.3,0.4,359,-179.0,-26.672296160702867,-32.30128084713645,308.4867578340489,1000,1000,-26.10449875901836,32.76185695882084,Controller Detection,1500,1500,3.7,7.8627753257751465
83,1700,1513,1483,1500,-0.3,0.4,359,-179.0,-26.672296160702867,-32.30128084713645,308.4867578340489,1000,1000,-26.10449875901836,32.76185695882084,Controller Detection,1500,1500,3.7,7.9167797565460205
84,1700,1513,1483,1500,-0.3,0.4,359,-179.0,-26.672296160702867,-32.30128084713645,308.4867578340489,1000,1000,-26.10449875901836,32.76185695882084,Controller Detection,1500,1500,3.7,7.972775220870972
85,1700,1513,1483,1500,-0.3,0.4,359,-179.0,-26.672296160702867,-32.30128084713645,308.4867578340489,1000,1000,-26.10449875901836,32.76185695882084,Controller Detection,1500,1500,3.7,8.065772294998169
86,1700,1513,1483,1500,-0.3,0.4,359,-179.0,-26.672296160702867,-32.30128084713645,308.4867578340489,1000,1000,-26.10449875901836,32.76185695882084,Controller Detection,1500,1500,3.7,8.124773502349854
87,1700,1513,1483,1500,-0.3,0.4,359,-179.0,-26.672296160702867,-32.30128084713645,308.4867578340489,1000,1000,-26.10449875901836,32.76185695882084,Controller Detection,1500,1500,3.7,8.173776149749756
88,1700,1513,1483,1500,-0.3,0.4,359,-179.0,-26.672296160702867,-32.30128084713645,308.4867578340489,1000,1000,-26.10449875901836,32.76185695882084,Controller Detection,1500,1500,3.7,8.227776050567627
89,1700,1513,1483,1500,-0.3,0.4,359,-179.0,-26.672296160702867,-32.30128084713645,308.4867578340489,1000,1000,-26.10449875901836,32.76185695882084,Controller Detection,1500,1500,3.7,8.341776132583618
90,1700,1513,1483,1500,-0.3,0.4,359,-179.0,-26.672296160702867,-32.30128084713645,308.4867578340489,1000,1000,-26.10449875901836,32.76185695882084,Controller Detection,1500,1500,3.7,8.401779890060425
91,1700,1512,1484,1500,-0.3,0.4,359,-179.0,-25.974930376741302,-31.503534648313618,300.3954931854985,1000,1000,-25.421161778139115,31.952061549510912,Controller Detection,1500,1500,3.7,8.459774732589722
92,1700,1513,1483,1500,-0.3,0.4,359,-179.0,-26.672296160702867,-32.30128084713645,308.4867578340489,1000,1000,-26.10449875901836,32.76185695882084,Controller Detection,1500,1500,3.7,8.502768278121948
93,1700,1513,1483,1500,-0.3,0.4,359,-179.0,-26.672296160702867,-32.30128084713645,308.4867578340489,1000,1000,-26.10449875901836,32.76185695882084,Controller Detection,1500,1500,3.7,8.537765741348267
94,1700,1513,1483,1500,-0.3,0.4,359,-179.0,-26.672296160702867,-32.30128084713645,308.4867578340489,1000,1000,-26.10449875901836,32.76185695882084,Controller Detection,1500,1500,3.7,8.580797910690308
95,1700,1512,1484,1500,-0.3,0.4,359,-179.0,-25.42193436539221,-30.895070206245375,294.6440139262071,1000,1000,-24.87886915950666,31.3340386683761,Controller Detection,1500,1500,3.7,8.622802495956421
96,1700,1512,1484,1500,-0.3,0.4,359,-179.0,-25.42193436539221,-30.895070206245375,294.6440139262071,1000,1000,-24.87886915950666,31.3340386683761,Controller Detection,1500,1500,3.7,8.661795854568481
97,1700,1512,1484,1500,-0.3,0.4,359,-179.0,-25.42193436539221,-30.895070206245375,294.6440139262071,1000,1000,-24.87886915950666,31.3340386683761,Controller Detection,1500,1500,3.7,8.700796365737915
98,1700,1513,1483,1500,-0.3,0.4,359,-179.0,-26.672296160702867,-32.30128084713645,308.4867578340489,1000,1000,-26.10449875901836,32.76185695882084,Controller Detection,1500,1500,3.7,8.741796731948853
99,1700,1513,1483,1500,-0.3,0.4,359,-179.0,-26.672296160702867,-32.30128084713645,308.4867578340489,1000,1000,-26.10449875901836,32.76185695882084,Controller Detection,1500,1500,3.7,8.787795782089233
100,1700,1513,1483,1500,-0.3,0.4,359,-179.0,-26.672296160702867,-32.30128084713645,308.4867578340489,1000,1000,-26.10449875901836,32.76185695882084,Controller Detection,1500,1500,3.7,8.829797506332397
101,1700,1513,1483,1500,-0.3,0.4,359,-179.0,-26.672296160702867,-32.30128084713645,308.4867578340489,1000,1000,-26.10449875901836,32.76185695882084,Controller Detection,1500,1500,3.7,8.869799613952637
102,1700,1512,1484,1500,-0.3,0.4,359,-179.0,-25.974930376741302,-31.503534648313618,300.3954931854985,1000,1000,-25.421161778139115,31.952061549510912,Controller Detection,1500,1500,3.7,8.907798528671265
103,1700,1512,1484,1500,-0.3,0.4,359,-179.0,-25.42193436539221,-30.895070206245375,294.6440139262071,1000,1000,-24.87886915950666,31.3340386683761,Controller Detection,1500,1500,3.7,8.942796230316162
104,1700,1512,1484,1500,-0.3,0.4,359,-179.0,-25.974930376741302,-31.503534648313618,300.3954931854985,1000,1000,-25.421161778139115,31.952061549510912,Controller Detection,1500,1500,3.7,8.97979736328125
105,1700,1513,1483,1500,-0.3,0.4,359,-179.0,-26.672296160702867,-32.30128084713645,308.4867578340489,1000,1000,-26.10449875901836,32.76185695882084,Controller Detection,1500,1500,3.7,9.01779580116272
106,1700,1513,1483,1500,-0.3,0.4,359,-179.0,-26.672296160702867,-32.30128084713645,308.4867578340489,1000,1000,-26.10449875901836,32.76185695882084,Controller Detection,1500,1500,3.7,9.055797815322876
107,1700,1512,1484,1500,-0.3,0.4,359,-179.0,-25.56024325406442,-31.10590538056851,296.14598562446344,1000,1000,-25.013477401911647,31.54725555441998,Controller Detection,1500,1500,3.7,9.093801021575928
108,1700,1513,1483,1500,-0.3,0.4,359,-179.0,-26.672296160702867,-32.30128084713645,308.4867578340489,1000,1000,-26.10449875901836,32.76185695882084,Controller Detection,1500,1500,3.7,9.13180160522461
109,1700,1513,1483,1500,-0.3,0.4,359,-179.0,-26.672296160702867,-32.30128084713645,308.4867578340489,1000,1000,-26.10449875901836,32.76185695882084,Controller Detection,1500,1500,3.7,9.172795295715332
110,1700,1512,1484,1500,-0.3,0.4,359,-179.0,-25.42193436539221,-30.895070206245375,294.6440139262071,1000,1000,-24.87886915950666,31.3340386683761,Controller Detection,1500,1500,3.7,9.21080493927002
111,1700,1512,1483,1500,-0.3,0.4,359,-179.0,-26.25018586230259,-31.905561658160202,304.250710114501,1000,1000,-25.689359002182115,32.358831199304745,Controller Detection,1500,1500,3.7,9.252796173095703
112,1700,1512,1484,1500,-0.3,0.4,359,-179.0,-25.974930376741302,-31.503534648313618,300.3954931854985,1000,1000,-25.421161778139115,31.952061549510912,Controller Detection,1500,1500,3.7,9.29679560661316
113,1700,1512,1484,1500,-0.3,0.4,359,-179.0,-25.974930376741302,-31.503534648313618,300.3954931854985,1000,1000,-25.421161778139115,31.952061549510912,Controller Detection,1500,1500,3.7,9.335801362991333
114,1700,1512,1484,1500,-0.3,0.4,359,-179.0,-25.56024325406442,-31.10590538056851,296.14598562446344,1000,1000,-25.013477401911647,31.54725555441998,Controller Detection,1500,1500,3.7,9.385382175445557
115,1700,1513,1483,1500,-0.3,0.4,359,-179.0,-26.672296160702867,-32.30128084713645,308.4867578340489,1000,1000,-26.10449875901836,32.76185695882084,Controller Detection,1500,1500,3.7,9.437379121780396
116,1700,1513,1483,1500,-0.3,0.4,359,-179.0,-26.672296160702867,-32.30128084713645,308.4867578340489,1000,1000,-26.10449875901836,32.76185695882084,Controller Detection,1500,1500,3.7,9.48237919807434
117,1700,1513,1483,1500,-0.3,0.4,359,-179.0,-26.672296160702867,-32.30128084713645,308.4867578340489,1000,1000,-26.10449875901836,32.76185695882084,Controller Detection,1500,1500,3.7,9.528381824493408
118,1700,1512,1484,1500,-0.3,0.4,359,-179.0,-25.974930376741302,-31.503534648313618,300.3954931854985,1000,1000,-25.421161778139115,31.952061549510912,Controller Detection,1500,1500,3.7,9.573378562927246
119,1700,1513,1483,1500,-0.3,0.4,359,-179.0,-26.672296160702867,-32.30128084713645,308.4867578340489,1000,1000,-26.10449875901836,32.76185695882084,Controller Detection,1500,1500,3.7,9.615378856658936
120,1700,1512,1484,1500,-0.3,0.4,359,-179.0,-25.974930376741302,-31.503534648313618,300.3954931854985,1000,1000,-25.421161778139115,31.952061549510912,Controller Detection,1500,1500,3.7,9.65837836265564
121,1700,1513,1483,1500,-0.3,0.4,359,-179.0,-26.672296160702867,-32.30128084713645,308.4867578340489,1000,1000,-26.10449875901836,32.76185695882084,Controller Detection,1500,1500,3.7,9.699377536773682
122,1700,1513,1483,1500,-0.3,0.4,359,-179.0,-26.672296160702867,-32.30128084713645,308.4867578340489,1000,1000,-26.10449875901836,32.76185695882084,Controller Detection,1500,1500,3.7,9.740376949310303
123,1700,1513,1483,1500,-0.3,0.4,359,-179.0,-26.672296160702867,-32.30128084713645,308.4867578340489,1000,1000,-26.10449875901836,32.76185695882084,Controller Detection,1500,1500,3.7,9.781379461288452
124,1700,1513,1483,1500,-0.3,0.4,359,-179.0,-26.672296160702867,-32.30128084713645,308.4867578340489,1000,1000,-26.10449875901836,32.76185695882084,Controller Detection,1500,1500,3.7,9.822376728057861
125,1700,1512,1484,1500,-0.3,0.4,359,-179.0,-25.974930376741302,-31.503534648313618,300.3954931854985,1000,1000,-25.421161778139115,31.952061549510912,Controller Detection,1500,1500,3.7,9.861380577087402
126,1700,1512,1484,1500,-0.3,0.4,359,-179.0,-25.42193436539221,-30.895070206245375,294.6440139262071,1000,1000,-24.87886915950666,31.3340386683761,Controller Detection,1500,1500,3.7,9.90338921546936
127,1700,1513,1483,1500,-0.3,0.4,359,-179.0,-26.672296160702867,-32.30128084713645,308.4867578340489,1000,1000,-26.10449875901836,32.76185695882084,Controller Detection,1500,1500,3.7,9.945378303527832
128,1700,1512,1484,1500,-0.3,0.4,359,-179.0,-25.974930376741302,-31.503534648313618,300.3954931854985,1000,1000,-25.421161778139115,31.952061549510912,Controller Detection,1500,1500,3.7,9.985379457473755
129,1700,1513,1483,1500,-0.3,0.4,359,-179.0,-26.672296160702867,-32.30128084713645,308.4867578340489,1000,1000,-26.10449875901836,32.76185695882084,Controller Detection,1500,1500,3.7,10.02437710762024
130,1700,1512,1484,1500,-0.3,0.4,359,-179.0,-25.42193436539221,-30.895070206245375,294.6440139262071,1000,1000,-24.87886915950666,31.3340386683761,Controller Detection,1500,1500,3.7,10.078378438949585
131,1700,1512,1484,1500,-0.3,0.4,359,-179.0,-25.974930376741302,-31.503534648313618,300.3954931854985,1000,1000,-25.421161778139115,31.952061549510912,Controller Detection,1500,1500,3.7,10.118384599685669
132,1700,1512,1484,1500,-0.3,0.4,359,-179.0,-25.974930376741302,-31.503534648313618,300.3954931854985,1000,1000,-25.421161778139115,31.952061549510912,Controller Detection,1500,1500,3.7,10.158376693725586
133,1700,1513,1483,1500,-0.4,0.4,359,-179.0,-26.672296160702867,-32.30128084713645,308.4867578340489,1000,1000,-26.10449875901836,32.76185695882084,Controller Detection,1500,1500,3.7,10.199378252029419
134,1700,1513,1483,1500,-0.4,0.4,359,-179.0,-26.672296160702867,-32.30128084713645,308.4867578340489,1000,1000,-26.10449875901836,32.76185695882084,Controller Detection,1500,1500,3.7,10.235378503799438
135,1700,1512,1484,1500,-0.4,0.4,359,-179.0,-25.974930376741302,-31.503534648313618,300.3954931854985,1000,1000,-25.421161778139115,31.952061549510912,Controller Detection,1500,1500,3.7,10.278377532958984
136,1700,1512,1484,1500,-0.4,0.4,359,-179.0,-25.42193436539221,-30.895070206245375,294.6440139262071,1000,1000,-24.87886915950666,31.3340386683761,Controller Detection,1500,1500,3.7,10.31537675857544
137,1700,1513,1483,1500,-0.4,0.4,359,-179.0,-26.672296160702867,-32.30128084713645,308.4867578340489,1000,1000,-26.10449875901836,32.76185695882084,Controller Detection,1500,1500,3.7,10.353375911712646
138,1700,1512,1484,1500,-0.4,0.4,359,-179.0,-25.974930376741302,-31.503534648313618,300.3954931854985,1000,1000,-25.421161778139115,31.952061549510912,Controller Detection,1500,1500,3.7,10.390377521514893
139,1700,1513,1483,1500,-0.4,0.4,359,-179.0,-26.672296160702867,-32.30128084713645,308.4867578340489,1000,1000,-26.10449875901836,32.76185695882084,Controller Detection,1500,1500,3.7,10.422380208969116
140,1700,1512,1484,1500,-0.4,0.4,359,-179.0,-25.974930376741302,-31.503534648313618,300.3954931854985,1000,1000,-25.421161778139115,31.952061549510912,Controller Detection,1500,1500,3.7,10.471379518508911
141,1700,1512,1484,1500,-0.4,0.4,359,-179.0,-25.974930376741302,-31.503534648313618,300.3954931854985,1000,1000,-25.421161778139115,31.952061549510912,Controller Detection,1500,1500,3.7,10.507374286651611
142,1700,1513,1483,1500,-0.4,0.4,359,-179.0,-26.672296160702867,-32.30128084713645,308.4867578340489,1000,1000,-26.10449875901836,32.76185695882084,Controller Detection,1500,1500,3.7,10.541377305984497
143,1700,1512,1484,1500,-0.4,0.4,359,-179.0,-25.42193436539221,-30.895070206245375,294.6440139262071,1000,1000,-24.87886915950666,31.3340386683761,Controller Detection,1500,1500,3.7,10.579378128051758
144,1700,1512,1484,1500,-0.4,0.4,359,-179.0,-25.42193436539221,-30.895070206245375,294.6440139262071,1000,1000,-24.87886915950666,31.3340386683761,Controller Detection,1500,1500,3.7,10.617377758026123
145,1700,1513,1483,1500,-0.4,0.4,359,-179.0,-26.672296160702867,-32.30128084713645,308.4867578340489,1000,1000,-26.10449875901836,32.76185695882084,Controller Detection,1500,1500,3.7,10.65437388420105
146,1700,1513,1483,1500,-0.4,0.4,359,-179.0,-26.672296160702867,-32.30128084713645,308.4867578340489,1000,1000,-26.10449875901836,32.76185695882084,Controller Detection,1500,1500,3.7,10.692377090454102
147,1700,1513,1483,1500,-0.4,0.4,359,-179.0,-26.672296160702867,-32.30128084713645,308.4867578340489,1000,1000,-26.10449875901836,32.76185695882084,Controller Detection,1500,1500,3.7,10.72837519645691
148,1700,1513,1483,1500,-0.4,0.4,359,-179.0,-26.672296160702867,-32.30128084713645,308.4867578340489,1000,1000,-26.10449875901836,32.76185695882084,Controller Detection,1500,1500,3.7,10.769376516342163
149,1700,1512,1484,1500,-0.4,0.4,359,-179.0,-25.974930376741302,-31.503534648313618,300.3954931854985,1000,1000,-25.421161778139115,31.952061549510912,Controller Detection,1500,1500,3.7,10.811377048492432
150,1700,1512,1484,1500,-0.4,0.4,359,-179.0,-25.974930376741302,-31.503534648313618,300.3954931854985,1000,1000,-25.421161778139115,31.952061549510912,Controller Detection,1500,1500,3.7,10.849377870559692
151,1700,1513,1483,1500,-0.4,0.4,359,-179.0,-26.672296160702867,-32.30128084713645,308.4867578340489,1000,1000,-26.10449875901836,32.76185695882084,Controller Detection,1500,1500,3.7,10.89037561416626
152,1700,1513,1483,1500,-0.4,0.4,359,-179.0,-26.672296160702867,-32.30128084713645,308.4867578340489,1000,1000,-26.10449875901836,32.76185695882084,Controller Detection,1500,1500,3.7,10.926376342773438
153,1700,1513,1483,1500,-0.4,0.4,359,-179.0,-26.672296160702867,-32.30128084713645,308.4867578340489,1000,1000,-26.10449875901836,32.76185695882084,Controller Detection,1500,1500,3.7,10.964377403259277
154,1700,1512,1484,1500,-0.4,0.4,359,-179.0,-25.974930376741302,-31.503534648313618,300.3954931854985,1000,1000,-25.421161778139115,31.952061549510912,Controller Detection,1500,1500,3.7,11.003381252288818
155,1700,1512,1484,1500,-0.4,0.4,359,-179.0,-25.974930376741302,-31.503534648313618,300.3954931854985,1000,1000,-25.421161778139115,31.952061549510912,Controller Detection,1500,1500,3.7,11.048380613327026
156,1700,1512,1484,1500,-0.4,0.4,359,-179.0,-25.42193436539221,-30.895070206245375,294.6440139262071,1000,1000,-24.87886915950666,31.3340386683761,Controller Detection,1500,1500,3.7,11.097379922866821
157,1700,1513,1483,1500,-0.4,0.4,359,-179.0,-26.672296160702867,-32.30128084713645,308.4867578340489,1000,1000,-26.10449875901836,32.76185695882084,Controller Detection,1500,1500,3.7,11.175384283065796
158,1700,1512,1484,1500,-0.4,0.4,359,-179.0,-25.974930376741302,-31.503534648313618,300.3954931854985,1000,1000,-25.421161778139115,31.952061549510912,Controller Detection,1500,1500,3.7,11.249405145645142
159,1700,1512,1484,1500,-0.4,0.4,359,-179.0,-25.42193436539221,-30.895070206245375,294.6440139262071,1000,1000,-24.87886915950666,31.3340386683761,Controller Detection,1500,1500,3.7,11.34839415550232
160,1700,1512,1484,1500,-0.4,0.4,359,-179.0,-25.974930376741302,-31.503534648313618,300.3954931854985,1000,1000,-25.421161778139115,31.952061549510912,Controller Detection,1500,1500,3.7,11.436396837234497
161,1700,1512,1484,1500,-0.4,0.4,359,-179.0,-25.974930376741302,-31.503534648313618,300.3954931854985,1000,1000,-25.421161778139115,31.952061549510912,Controller Detection,1500,1500,3.7,11.50539231300354
162,1700,1513,1483,1500,-0.4,0.4,359,-179.0,-26.672296160702867,-32.30128084713645,308.4867578340489,1000,1000,-26.10449875901836,32.76185695882084,Controller Detection,1500,1500,3.7,11.588391065597534
163,1700,1512,1484,1500,-0.4,0.4,359,-179.0,-25.974930376741302,-31.503534648313618,300.3954931854985,1000,1000,-25.421161778139115,31.952061549510912,Controller Detection,1500,1500,3.7,11.65939712524414
164,1700,1512,1484,1500,-0.4,0.4,359,-179.0,-25.974930376741302,-31.503534648313618,300.3954931854985,1000,1000,-25.421161778139115,31.952061549510912,Controller Detection,1500,1500,3.7,11.739384651184082
165,1700,1513,1483,1500,-0.4,0.4,359,-179.0,-26.672296160702867,-32.30128084713645,308.4867578340489,1000,1000,-26.10449875901836,32.76185695882084,Controller Detection,1500,1500,3.7,11.809394121170044
166,1700,1512,1484,1500,-0.4,0.4,359,-179.0,-25.42193436539221,-30.895070206245375,294.6440139262071,1000,1000,-24.87886915950666,31.3340386683761,Controller Detection,1500,1500,3.7,11.880380630493164
167,1700,1512,1484,1500,-0.4,0.4,359,-179.0,-25.974930376741302,-31.503534648313618,300.3954931854985,1000,1000,-25.421161778139115,31.952061549510912,Controller Detection,1500,1500,3.7,11.942394733428955
168,1700,1513,1483,1500,-0.4,0.4,359,-179.0,-26.672296160702867,-32.30128084713645,308.4867578340489,1000,1000,-26.10449875901836,32.76185695882084,Controller Detection,1500,1500,3.7,12.002382516860962
169,1700,1512,1484,1500,-0.4,0.4,359,-179.0,-25.974930376741302,-31.503534648313618,300.3954931854985,1000,1000,-25.421161778139115,31.952061549510912,Controller Detection,1500,1500,3.7,12.055377960205078
170,1700,1512,1484,1500,-0.4,0.4,359,-179.0,-25.974930376741302,-31.503534648313618,300.3954931854985,1000,1000,-25.421161778139115,31.952061549510912,Controller Detection,1500,1500,3.7,12.10837697982788
171,1700,1512,1484,1500,-0.4,0.4,359,-179.0,-25.42193436539221,-30.895070206245375,294.6440139262071,1000,1000,-24.87886915950666,31.3340386683761,Controller Detection,1500,1500,3.7,12.166380405426025
172,1700,1512,1484,1500,-0.4,0.4,359,-179.0,-25.974930376741302,-31.503534648313618,300.3954931854985,1000,1000,-25.421161778139115,31.952061549510912,Controller Detection,1500,1500,3.7,12.221379518508911
173,1700,1512,1484,1500,-0.4,0.4,359,-179.0,-25.974930376741302,-31.503534648313618,300.3954931854985,1000,1000,-25.421161778139115,31.952061549510912,Controller Detection,1500,1500,3.7,12.266379833221436
174,1700,1512,1484,1500,-0.4,0.4,359,-179.0,-25.974930376741302,-31.503534648313618,300.3954931854985,1000,1000,-25.421161778139115,31.952061549510912,Controller Detection,1500,1500,3.7,12.319386005401611
175,1700,1512,1484,1500,-0.4,0.4,359,-179.0,-25.974930376741302,-31.503534648313618,300.3954931854985,1000,1000,-25.421161778139115,31.952061549510912,Controller Detection,1500,1500,3.7,12.36837887763977
176,1700,1512,1484,1500,-0.4,0.4,359,-179.0,-25.974930376741302,-31.503534648313618,300.3954931854985,1000,1000,-25.421161778139115,31.952061549510912,Controller Detection,1500,1500,3.7,12.411378383636475
177,1700,1512,1484,1500,-0.4,0.4,359,-179.0,-25.974930376741302,-31.503534648313618,300.3954931854985,1000,1000,-25.421161778139115,31.952061549510912,Controller Detection,1500,1500,3.7,12.456382751464844
178,1700,1512,1484,1500,-0.4,0.4,359,-179.0,-25.974930376741302,-31.503534648313618,300.3954931854985,1000,1000,-25.421161778139115,31.952061549510912,Controller Detection,1500,1500,3.7,12.497377157211304
179,1700,1512,1484,1500,-0.4,0.4,359,-179.0,-25.974930376741302,-31.503534648313618,300.3954931854985,1000,1000,-25.421161778139115,31.952061549510912,Controller Detection,1500,1500,3.7,12.538382530212402
180,1700,1512,1484,1500,-0.4,0.4,359,-179.0,-25.974930376741302,-31.503534648313618,300.3954931854985,1000,1000,-25.421161778139115,31.952061549510912,Controller Detection,1500,1500,3.7,12.57837963104248
181,1700,1512,1484,1500,-0.4,0.4,359,-179.0,-25.974930376741302,-31.503534648313618,300.3954931854985,1000,1000,-25.421161778139115,31.952061549510912,Controller Detection,1500,1500,3.7,12.621379852294922
182,1700,1512,1484,1500,-0.4,0.4,359,-179.0,-25.974930376741302,-31.503534648313618,300.3954931854985,1000,1000,-25.421161778139115,31.952061549510912,Controller Detection,1500,1500,3.7,12.663379907608032
183,1700,1512,1484,1500,-0.4,0.4,359,-179.0,-25.42193436539221,-30.895070206245375,294.6440139262071,1000,1000,-24.87886915950666,31.3340386683761,Controller Detection,1500,1500,3.7,12.70838189125061
184,1700,1512,1484,1500,-0.4,0.4,359,-179.0,-25.974930376741302,-31.503534648313618,300.3954931854985,1000,1000,-25.421161778139115,31.952061549510912,Controller Detection,1500,1500,3.7,12.755383968353271
185,1700,1513,1483,1500,-0.4,0.4,359,-179.0,-26.672296160702867,-32.30128084713645,308.4867578340489,1000,1000,-26.10449875901836,32.76185695882084,Controller Detection,1500,1500,3.7,12.798379182815552
186,1700,1512,1484,1500,-0.4,0.4,359,-179.0,-25.974930376741302,-31.503534648313618,300.3954931854985,1000,1000,-25.421161778139115,31.952061549510912,Controller Detection,1500,1500,3.7,12.845380783081055
187,1700,1512,1484,1500,-0.4,0.4,359,-179.0,-25.974930376741302,-31.503534648313618,300.3954931854985,1000,1000,-25.421161778139115,31.952061549510912,Controller Detection,1500,1500,3.7,12.889383316040039
188,1700,1512,1484,1500,-0.4,0.4,359,-179.0,-25.83826463277785,-31.396546516226895,299.3713015037412,1000,1000,-25.286384049395565,31.842704566125214,Controller Detection,1500,1500,3.7,12.933380603790283
189,1700,1513,1483,1500,-0.4,0.4,359,-179.0,-26.672296160702867,-32.30128084713645,308.4867578340489,1000,1000,-26.10449875901836,32.76185695882084,Controller Detection,1500,1500,3.7,12.97438383102417
190,1700,1513,1483,1500,-0.4,0.4,359,-179.0,-26.672296160702867,-32.30128084713645,308.4867578340489,1000,1000,-26.10449875901836,32.76185695882084,Controller Detection,1500,1500,3.7,13.02037763595581
191,1700,1512,1484,1500,-0.4,0.4,359,-179.0,-25.974930376741302,-31.503534648313618,300.3954931854985,1000,1000,-25.421161778139115,31.952061549510912,Controller Detection,1500,1500,3.7,13.067049980163574
192,1700,1512,1484,1500,-0.4,0.4,359,-179.0,-25.974930376741302,-31.503534648313618,300.3954931854985,1000,1000,-25.421161778139115,31.952061549510912,Controller Detection,1500,1500,3.7,13.128965377807617
193,1700,1512,1484,1500,-0.4,0.4,359,-179.0,-25.974930376741302,-31.503534648313618,300.3954931854985,1000,1000,-25.421161778139115,31.952061549510912,Controller Detection,1500,1500,3.7,13.175847053527832
194,1700,1512,1484,1500,-0.4,0.4,359,-179.0,-25.42193436539221,-30.895070206245375,294.6440139262071,1000,1000,-24.87886915950666,31.3340386683761,Controller Detection,1500,1500,3.7,13.23835039138794
195,1700,1512,1484,1500,-0.4,0.4,359,-179.0,-25.270985809603065,-30.814552560864474,293.36002676670165,1000,1000,-24.729348820586257,31.250898870675833,Controller Detection,1500,1500,3.7,13.300846815109253
196,1700,1512,1484,1500,-0.4,0.4,359,-179.0,-25.42193436539221,-30.895070206245375,294.6440139262071,1000,1000,-24.87886915950666,31.3340386683761,Controller Detection,1500,1500,3.7,13.363947629928589
197,1700,1512,1484,1500,-0.4,0.4,359,-179.0,-25.974930376741302,-31.503534648313618,300.3954931854985,1000,1000,-25.421161778139115,31.952061549510912,Controller Detection,1500,1500,3.7,13.426443576812744
