,rc_th,rc_r,rc_p,rc_y,sen_roll,sen_pitch,sen_yaw,relative_yaw,cam_x,cam_y,cam_z,estimated_x,estimated_y,drone_error_x,drone_error_y,Pterm_z,Iterm_z,Dterm_z,Pterm_roll,Iterm_roll,Dterm_roll,Pterm_pitch,Iterm_pitch,Dterm_pitch,mode,AUX2,AUX3,Battery,time step
0,1400,1495,1493,1500,0.0,0.0,194,-4.0,-2.110774675757656,2.468366371813456,369.1013144619257,1000.0,1000.0,1.9334484007283872,2.609593753640632,2091.85460061674,0.0,0.0,1499.2266206397087,-9.667242003641937e-05,-3.8668968014567744,1498.9561624985438,-0.0001304796876820316,-5.219187507281264,Controller Detection,1500,1500,3.7,20.89045524597168
1,1750,1498,1498,1500,0.0,0.0,194,-4.0,-2.091207911854239,2.4635713206059684,377.6467709618272,1000.0,1000.0,1.9142637863420737,2.603445474484401,2121.763698366395,0.0,0.0,1499.2342944854631,-0.00028905802938994243,-0.3131668440870797,1498.9586218102063,-0.0003911316490882832,-0.46217503325856163,Controller Detection,1500,1500,3.7,20.95546269416809
2,1750,1499,1498,1500,0.0,0.0,194,-4.0,-2.007000092672477,2.4766191594789526,361.39353795611186,1000.0,1000.0,1.8293509219458075,2.61058748894987,2064.8773828463914,0.0,0.0,1499.2682596312218,-0.00047623876480433654,0.14135601569370704,1498.95576500442,-0.0006518332972599968,-0.056299941045353165,Controller Detection,1500,1500,3.7,21.021464347839355
3,1750,1499,1499,1500,0.0,0.0,194,-4.0,-2.0442671294806547,2.4075838681280457,369.16493362214015,1000.0,1000.0,1.871342836613893,2.5443199811736235,2092.0772676774905,0.0,0.0,1499.2514628653544,-0.0006612734527323216,-0.07113328245492467,1498.9822720075306,-0.0009095786707661714,0.1274168390938249,Controller Detection,1500,1500,3.7,21.086450815200806
4,1750,1499,1498,1500,1.4,0.8,195,-5.0,-2.039398486206121,2.45924451978034,367.45558684596426,1000.0,1000.0,1.8173006765353061,2.6276316417401,2086.0945539608747,0.0,0.0,1499.273079729386,-0.0008457056283897815,0.10161765811581672,1498.9489473433039,-0.0011681762519118576,-0.155039972124424,Controller Detection,1500,1500,3.7,21.1584575176239
5,1750,1499,1498,1500,4.0,3.5,196,-6.0,-2.0301144611326842,2.5770592748564174,367.4527415818437,1000.0,1000.0,1.7496172359498232,2.7751466193862324,2086.084595536453,0.0,0.0,1499.30015310562,-0.0010240515240140379,0.14460485009058555,1498.8899413522456,-0.0014383151649681742,-0.3091244982126666,Controller Detection,1500,1500,3.7,21.241483211517334
6,1750,1499,1498,1500,4.1,4.6,198,-8.0,-2.2216667295190575,2.8008944057265355,357.36541457654414,1000.0,1000.0,1.8102364617215765,3.082832541954859,2050.7789510179045,0.0,0.0,1499.2759054153114,-0.001202044208897608,-0.10809255608072604,1498.766866983218,-0.0017312141230352287,-0.6434740722474955,Controller Detection,1500,1500,3.7,21.327349424362183
7,1750,1498,1498,1500,4.0,4.6,198,-8.0,-1000.0,-1000.0,-1000.0,-2.3912128973623608,2.9990146837447753,1.9505596044594293,3.3026209929811725,2050.7789510179045,0.0,0.0,1499.2197761582163,-0.0013900840122066582,-0.2904728814830444,1498.6789516028075,-0.0020504867997820303,-0.4980745449842175,Controller Memory,1500,1500,3.7,21.403351068496704
8,1750,1496,1495,1500,4.0,3.8,197,-7.0,-3.651306806154554,4.0109159559455465,359.555065192382,-2.3912128973623608,2.9990146837447753,3.135282824906156,4.426001559667328,2058.442728173337,0.0,0.0,1498.7458868700376,-0.0016443761336749376,-2.395853066482821,1498.2295993761331,-0.0024369179274144554,-2.292040637461785,Controller Detection,1500,1500,3.7,21.48135495185852
9,1750,1496,1496,1500,4.0,3.8,197,-7.0,-4.4956344760496405,4.672621097211906,351.2429256089426,-2.3912128973623608,2.9990146837447753,3.892675433290867,5.185672109901443,2029.350239631299,0.0,0.0,1498.4429298266837,-0.0019957740465847886,-1.7325900409951327,1497.9257311560393,-0.002917501610892894,-1.727708431146574,Controller Detection,1500,1500,3.7,21.559354543685913
10,1750,1493,1493,1500,4.0,3.8,197,-7.0,-6.62558111048932,6.389477084140064,359.49469513975345,-2.3912128973623608,2.9990146837447753,5.797513656657226,7.149306110476518,2058.231432989137,0.0,0.0,1497.680994537337,-0.0024802835010821933,-3.9671846322777298,1497.1402775558095,-0.003534250521911792,-4.084332403981657,Controller Detection,1500,1500,3.7,21.637353897094727
11,1750,1493,1493,1500,4.0,3.8,197,-7.0,-8.445436272102228,7.664172618913908,358.01109886123226,-2.3912128973623608,2.9990146837447753,7.448457585996351,8.636284811668906,2053.038846014313,0.0,0.0,1497.0206169656014,-0.0031425820632148722,-3.6625410070671354,1496.5454860753325,-0.004323530068019063,-3.3452603482012906,Controller Detection,1500,1500,3.7,21.70835256576538
12,1750,1493,1492,1500,1.3,-0.2,198,-8.0,-10.053586585807407,8.839995548224337,350.4508042393192,-2.3912128973623608,2.9990146837447753,8.725456179334104,10.153154140141528,2026.577814837617,0.0,0.0,1496.5098175282665,-0.003951277751481395,-2.8869554600452454,1495.9387383439434,-0.005263002015609585,-3.337853234054451,Controller Detection,1500,1500,3.7,21.782362461090088
13,1750,1491,1492,1500,0.7,-1.1,198,-8.0,-12.142608457292502,10.001141276737142,350.484771722633,-2.3912128973623608,2.9990146837447753,10.632547581864888,11.593735330071407,2026.6967010292155,0.0,0.0,1495.746980967254,-0.004919177939541344,-4.076633301429316,1495.3625058679715,-0.006350346489120232,-3.1846035829556185,Controller Detection,1500,1500,3.7,21.851357221603394
14,1750,1491,1491,1500,0.2,-1.8,199,-9.0,-14.050209768511515,10.90443695852962,344.29319167923654,-2.3912128973623608,2.9990146837447753,12.17139860910223,12.968122293534536,2005.0261708773278,0.0,0.0,1495.1314405563592,-0.006059375249089701,-3.4483050818773497,1494.8127510825861,-0.007578439370300529,-3.038283343558587,Controller Detection,1500,1500,3.6,21.92935276031494
15,1750,1490,1492,1500,-1.0,-2.9,198,-8.0,-1000.0,-1000.0,-1000.0,-15.957910210132441,11.807779580981794,14.159283625201061,13.913778930571413,2005.0261708773278,0.0,0.0,1494.3362865499196,-0.007375909360804865,-4.28925231236833,1494.4344884277714,-0.008922534431505827,-2.1675208507608965,Controller Memory,1500,1500,3.6,22.007352352142334
16,1750,1486,1491,1500,-0.9,-2.8,198,-8.0,-19.199855164580615,12.36706945469755,343.7037964799388,-15.957910210132441,11.807779580981794,17.291840088148348,14.91881736613502,2002.9632876797857,0.0,0.0,1493.0832639647406,-0.008948465546472335,-6.655044954291695,1494.032473053546,-0.01036416424634115,-2.207124221196387,Controller Detection,1500,1500,3.6,22.077351331710815
17,1750,1488,1494,1500,-1.0,-2.6,198,-8.0,-20.669950743815885,11.969326981785356,337.2826609878904,-15.957910210132441,11.807779580981794,18.802983851601894,14.729543456097622,1980.4893134576164,0.0,0.0,1492.4788064593592,-0.010753206743459847,-3.6272916136608826,1494.108182617561,-0.011846582287452782,0.177900163602398,Controller Detection,1500,1500,3.6,22.150354385375977
18,1750,1486,1496,1500,-1.2,-2.3,197,-7.0,-22.76458478970394,10.87144432695825,329.6036418143632,-15.957910210132441,11.807779580981794,21.270005244741203,13.564715230717319,1953.6127463502712,0.0,0.0,1491.4919979021035,-0.012756856198277003,-5.263796569338697,1494.5741139077131,-0.013261295221793529,2.3458291929062782,Controller Detection,1500,1500,3.6,22.226346015930176
19,1750,1486,1496,1500,-0.4,-1.6,195,-5.0,-24.137911612255827,10.685004462122215,337.3698633936768,-15.957910210132441,11.807779580981794,23.114800070978127,12.748102409196273,1980.7945218778686,0.0,0.0,1490.7540799716087,-0.01497609646406297,-4.168116613322821,1494.9007590363215,-0.014576936103789209,1.846482842397208,Controller Detection,1500,1500,3.6,22.307356357574463
20,1750,1482,1498,1500,1.0,-0.2,194,-4.0,-26.9035964210633,9.330620769199275,344.85419795024154,-15.957910210132441,11.807779580981794,26.187189409648575,11.184591863329311,2006.9896928258454,0.0,0.0,1489.5251242361405,-0.017441195938094303,-6.523698369461151,1495.5261632546683,-0.015773570817415487,3.294883168315487,Controller Detection,1500,1500,3.6,22.37536072731018
21,1750,1488,1502,1500,2.3,2.0,192,-2.0,-26.794460736546657,7.514108348432713,325.6412931145559,-15.957910210132441,11.807779580981794,26.51589967549969,8.444644150771662,1939.7445259009455,0.0,0.0,1489.3936401298001,-0.020076350392351717,-1.2504840198350606,1496.6221423396914,-0.016755032618120537,5.779430258598524,Controller Detection,1500,1500,3.6,22.447362184524536
22,1750,1485,1500,1500,2.7,2.6,191,-1.0,-28.24931393517998,6.342369989189069,326.2867184980101,-15.957910210132441,11.807779580981794,28.13432180901207,6.834422523890935,1942.0035147430353,0.0,0.0,1488.7462712763952,-0.022808861466577304,-3.3505246324643156,1497.2662309904435,-0.017518985951853666,3.7458460045431377,Controller Detection,1500,1500,3.6,22.527353048324585
23,1750,1484,1500,1500,3.1,2.9,192,-2.0,-29.99800197357542,4.635069224663962,320.2126241126425,-15.957910210132441,11.807779580981794,29.817966418169984,5.679160836686089,1920.7441843942488,0.0,0.0,1488.072813432732,-0.025706475877936407,-3.6718823667216722,1497.7283356653256,-0.018144665119882518,2.6510548293681593,Controller Detection,1500,1500,3.6,22.604355096817017
24,1750,1479,1499,1500,2.8,2.4,192,-2.0,-33.58204072273847,3.8949490841736196,338.0909445853438,-15.957910210132441,11.807779580981794,33.42565168816702,5.064572705896008,1983.318306048703,0.0,0.0,1486.6297393247332,-0.028868656783253257,-7.549178027877865,1497.9741709176417,-0.018681851797011623,1.4701812460681754,Controller Detection,1500,1500,3.6,22.6833553314209
25,1750,1485,1498,1500,2.5,2.3,193,-3.0,-33.887107311141634,3.1187459372807567,320.8910582523672,-15.957910210132441,11.807779580981794,33.677443657397305,4.8879859698002495,1923.1187038832852,0.0,0.0,1486.529022537041,-0.03222381155053147,-1.189872850085825,1498.04480561208,-0.019179479730796437,0.4868263127431701,Controller Detection,1500,1500,3.6,22.7453510761261
26,1750,1485,1498,1500,2.2,2.1,194,-4.0,-1000.0,-1000.0,-1000.0,-34.28085390556035,2.116907790186617,34.049679445711206,4.503062594594551,1923.1187038832852,0.0,0.0,1486.3801282217155,-0.035610167705686896,-0.8526418357265135,1498.1987749621621,-0.019649032159016176,0.8141036879335027,Controller Memory,1500,1500,3.6,22.825368404388428
27,1750,1485,1498,1500,2.0,1.7,195,-5.0,-1000.0,-1000.0,-1000.0,-34.5890283065255,1.3327972093686182,34.34124568039148,4.3423579665794945,1923.1187038832852,0.0,0.0,1486.2635017278435,-0.03902971396199203,-0.6606453635175052,1498.2630568133682,-0.020091303187074878,0.39541868220588655,Controller Memory,1500,1500,3.6,22.887995719909668
28,1750,1485,1500,1500,1.8,1.6,195,-5.0,-1000.0,-1000.0,-1000.0,-34.88919325624087,0.569065658904301,34.70683200239145,3.6076937443808097,1923.1187038832852,0.0,0.0,1486.1172671990435,-0.04248211784613117,-0.7912313134106227,1498.5569225022477,-0.02048880577262289,1.5052755973251775,Controller Memory,1500,1500,3.6,22.948995351791382
29,1750,1484,1500,1500,0.8,0.9,195,-5.0,-1000.0,-1000.0,-1000.0,-35.28287063173126,-0.43259636942744395,35.186311914675024,2.644154586540715,1923.1187038832852,0.0,0.0,1485.92547523413,-0.0459767750419845,-1.030889943968111,1498.9423381653837,-0.020801398189168967,2.06392155180066,Controller Memory,1500,1500,3.5,23.028998613357544
30,1750,1484,1501,1500,0.7,0.8,195,-5.0,-1000.0,-1000.0,-1000.0,-35.62239182161434,-1.296464869099995,35.59983222465162,1.813164588801278,1923.1187038832852,0.0,0.0,1485.7600671101393,-0.04951608224895083,-0.9207578875866593,1499.2747341644795,-0.021024264147936067,1.849609227460752,Controller Memory,1500,1500,3.5,23.0979962348938
31,1750,1484,1501,1500,-0.3,0.2,195,-5.0,-1000.0,-1000.0,-1000.0,-35.986557296388725,-2.223037618312526,36.04336807601728,0.9218568410764765,1923.1187038832852,0.0,0.0,1485.582652769593,-0.053098242263984276,-0.9707769652391971,1499.6312572635693,-0.021161015219429955,1.9507617888551259,Controller Memory,1500,1500,3.5,23.17200207710266
32,1750,1484,1500,1500,-0.8,0.2,196,-6.0,-1000.0,-1000.0,-1000.0,-36.29652552347969,-3.0117123616339354,36.412499023859716,0.7988061487282527,1923.1187038832852,0.0,0.0,1485.435000390456,-0.05672103561897813,-0.8265143470702532,1499.6804775405087,-0.02124704836892019,0.42344336550145883,Controller Memory,1500,1500,3.5,23.234993934631348
33,1750,1484,1501,1500,-2.3,-0.6,196,-6.0,-1000.0,-1000.0,-1000.0,-36.65082084835449,-3.91317176935452,36.859081648461526,-0.060681024183506516,1923.1187038832852,0.0,0.0,1485.2563673406155,-0.06038461465259419,-0.9683029171190968,1500.0242724096734,-0.021283954625147428,1.757469197232742,Controller Memory,1500,1500,3.5,23.30699396133423
34,1750,1484,1500,1500,-3.1,-0.9,197,-7.0,-1000.0,-1000.0,-1000.0,-36.980512950414145,-4.752031404767052,37.283992761795226,-0.2098196512277184,1923.1187038832852,0.0,0.0,1485.086402895282,-0.06409176837310702,-0.937849764587317,1500.083927860491,-0.021270429591376868,0.4580471811095821,Controller Memory,1500,1500,3.5,23.37399411201477
35,1750,1483,1503,1500,-3.2,-1.1,196,-6.0,-1000.0,-1000.0,-1000.0,-37.320045872318985,-5.615929755077298,37.7026272632869,-1.6841580601627197,1923.1187038832852,0.0,0.0,1484.9189490946853,-0.06784109937436113,-0.9225280724912857,1500.6736632240652,-0.021175730705807347,2.9903174706981464,Controller Memory,1500,1500,3.5,23.442994117736816
36,1750,1470,1473,1500,-2.8,-1.1,196,-6.0,-67.85854644263765,2.867554616238518,318.3201171311567,-37.320045872318985,-5.615929755077298,67.1870691476965,9.944995431239178,1914.1204099590484,0.0,0.0,1473.1251723409214,-0.07308558419491029,-59.05274995722751,1496.0220018275043,-0.02158877257436117,-22.986459940013056,Controller Detection,1500,1500,3.5,23.514993906021118
37,1750,1470,1495,1500,-2.4,-0.9,196,-6.0,-1000.0,-1000.0,-1000.0,-68.19812746583167,2.0035338783137275,67.61510467048119,9.12120377183005,1914.1204099590484,0.0,0.0,1472.9539581318074,-0.0783514707915987,-65.19338662868198,1496.351518491268,-0.022542082534514632,-0.44209485754656574,Controller Memory,1500,1500,3.5,23.584003686904907
38,1750,1470,1500,1500,-3.0,-1.6,195,-5.0,-72.52676248498139,1.1888398879953683,317.10050923869164,-68.19812746583167,2.0035338783137275,72.14716203385149,7.505439846762513,1909.8517823354207,0.0,0.0,1471.1411351864595,-0.08384396025645562,-74.81574105282753,1496.997824061295,-0.02337341471544426,3.191337408539931,Controller Detection,1500,1500,3.5,23.664995431900024
39,1750,1470,1501,1500,-2.8,-1.8,195,-5.0,-71.00420978410034,-0.4958988256115505,298.9083475988866,-68.19812746583167,2.0035338783137275,70.77723775958867,5.694412861079653,1846.1792165961033,0.0,0.0,1471.6891048961645,-0.08926795350759939,-72.95065199740604,1497.722234855568,-0.02403340735083637,3.9121755539602603,Controller Detection,1500,1500,3.5,23.73699426651001
40,1750,1470,1503,1500,-1.7,-0.6,194,-4.0,-75.68130895196508,-1.9624222596640366,312.7538424145306,-68.19812746583167,2.0035338783137275,75.63384474391852,3.3216193431582943,1894.6384484508571,0.0,0.0,1469.7464621024326,-0.09493477710795967,-82.49431241557286,1498.6713522627367,-0.02448420896104827,5.101239358930013,Controller Detection,1500,1500,3.5,23.81400990486145
41,1750,1470,1506,1500,-0.3,0.8,193,-3.0,-75.0003833411056,-3.575513216466686,305.19443030037917,-68.19812746583167,2.0035338783137275,75.08472582558605,0.3546036808751598,1868.180506051327,0.0,0.0,1469.9661096697655,-0.10057414476240331,-82.26368007146856,1499.85815852765,-0.02466802011224994,6.39778035719627,Controller Detection,1500,1500,3.5,23.885997772216797
42,1750,1470,1507,1500,0.6,1.4,192,-2.0,-76.47941375398537,-5.31931356463397,307.35513226449643,-68.19812746583167,2.0035338783137275,76.61846592773956,-2.646980134417018,1875.7429629257376,0.0,0.0,1469.3526136289042,-0.10629019942195464,-85.31019369903883,1501.0587920537669,-0.024553401289572847,6.584784026693107,Controller Detection,1500,1500,3.5,23.952014446258545
43,1750,1470,1498,1500,-2.2,0.4,195,-5.0,-75.79454747959771,-7.921398446837742,300.7113850820894,-68.19812746583167,2.0035338783137275,76.1965217086726,-1.285325052404966,1852.489847787313,0.0,0.0,1469.521391316531,-0.11198515687055262,-84.74326104522949,1500.514130020962,-0.02435678603023175,-2.124693434324731,Controller Detection,1500,1500,3.5,25.69235372543335
44,1750,1470,1530,1500,-2.4,0.2,195,-5.0,-65.02745726570342,-24.008448111986798,252.99879999127174,-68.19812746583167,2.0035338783137275,66.87248228590013,-18.249572381588045,1685.4957999694511,0.0,0.0,1473.25100708564,-0.11721391234801197,-66.04364286752005,1507.2998289526352,-0.023380041158532098,33.73534070979119,Controller Detection,1500,1500,3.5,25.76035237312317
45,1685,1470,1530,1500,-2.3,0.2,195,-5.0,-64.01543548132048,-24.107916605286107,254.43567264629647,-68.19812746583167,2.0035338783137275,65.87298080035798,-18.436865877534693,1690.5248542620377,0.0,0.0,1473.6508076798568,-0.12239269275119422,-62.34467460755307,1507.374746351014,-0.022393931612035116,37.36993080569502,Controller Detection,1500,1500,3.5,25.825359582901
46,1690,1470,1530,1500,-2.1,0.3,195,-5.0,-61.858262382920024,-23.85441426389694,251.18525528796903,-68.19812746583167,2.0035338783137275,63.701922212013265,-18.372338212715324,1679.1483935078916,0.0,0.0,1474.5192311151948,-0.12746292022495923,-57.666287589048466,1507.348935285086,-0.021411048448779103,37.57129275750208,Controller Detection,1500,1500,3.5,25.893364429473877
47,1679,1470,1530,1500,-2.2,1.1,195,-5.0,-60.20399763660275,-23.85769745005952,251.13629421958552,-68.19812746583167,2.0035338783137275,62.054238591020486,-18.51978757802988,1678.9770297685493,0.0,0.0,1475.1783045635918,-0.1324507635176746,-53.94561243628976,1507.407915031212,-0.02042079281725736,37.88449712011365,Controller Detection,1500,1500,3.5,25.959361791610718
48,1678,1470,1530,1500,-2.4,1.3,195,-5.0,-56.77122970153197,-23.088727106168978,243.8023542264152,-68.19812746583167,2.0035338783137275,58.567513192850924,-18.052928837517776,1653.3082397924532,0.0,0.0,1476.5729947228597,-0.1372642705404815,-46.633918444245296,1507.2211715350072,-0.01945388012276122,36.97925276296323,Controller Detection,1500,1500,3.5,26.033368587493896
49,1653,1470,1530,1500,-2.4,1.4,195,-5.0,-55.68921354202809,-23.307282336390756,247.31169919984993,-68.19812746583167,2.0035338783137275,57.508662774924936,-18.36495632115146,1665.5909471994746,0.0,0.0,1476.99653489003,-0.14202483504239208,-43.851518154571096,1507.3459825284606,-0.0184713660540834,37.52101278867146,Controller Detection,1500,1500,3.5,26.098361015319824
50,1665,1470,1530,1500,-2.3,1.7,194,-4.0,-52.67240338342547,-22.657263685481166,243.2881253657214,-68.19812746583167,2.0035338783137275,54.124586875479174,-18.927830606237528,1651.508438780025,0.0,0.0,1478.3501652498082,-0.14661619574933038,-36.830420874800105,1507.571132242495,-0.017460708271151277,38.69601227027162,Controller Detection,1500,1500,3.5,26.163373470306396
51,1665,1470,1530,1500,-1.9,1.7,194,-4.0,-1000.0,-1000.0,-1000.0,-49.84239997968017,-22.047495454183462,51.2589419361734,-18.516958797833563,1651.508438780025,0.0,0.0,1479.4964232255306,-0.1510642742093034,-30.46084942530028,1507.4067835191333,-0.01647059407863935,37.98108678815461,Controller Memory,1500,1500,3.5,26.22436022758484
52,1665,1470,1530,1500,-1.2,1.9,194,-4.0,-1000.0,-1000.0,-1000.0,-46.826131931293006,-21.39759360934796,48.20468650417948,-18.079044304150692,1651.508438780025,0.0,0.0,1480.7181253983283,-0.15535963989767673,-23.773286611357907,1507.2316177216603,-0.015502375610811567,37.040264575141876,Controller Memory,1500,1500,3.5,26.289361000061035
53,1665,1470,1530,1500,-0.8,2.0,194,-4.0,-1000.0,-1000.0,-1000.0,-43.57786283763737,-20.697703532397487,44.91550816700198,-17.607446921996765,1651.508438780025,0.0,0.0,1482.033796733199,-0.15949054666919119,-16.58696968118997,1507.0429787687988,-0.01455773701209148,36.011540518741946,Controller Memory,1500,1500,3.5,26.3603618144989
54,1665,1474,1530,1500,-0.6,2.3,194,-4.0,-1000.0,-1000.0,-1000.0,-39.95832569070947,-19.917817981278482,41.25038596467665,-17.081947280838936,1651.508438780025,0.0,0.0,1483.4998456141293,-0.16343819733058937,-8.60342373743314,1506.8327789123355,-0.013639373395429285,34.86702086766266,Controller Memory,1500,1500,3.5,26.437362670898438
55,1665,1491,1530,1500,-0.6,2.1,194,-4.0,-1000.0,-1000.0,-1000.0,-36.478199376944566,-19.167970661579638,37.726430358832864,-16.576687891356062,1651.508438780025,0.0,0.0,1484.909427856467,-0.16738703814676484,6.265781781011837,1506.6306751565423,-0.012746272748241232,33.752454847689705,Controller Memory,1500,1500,3.5,26.512359619140625
56,1651,1488,1530,1500,-0.6,1.9,194,-4.0,-35.56262153509929,-16.148102993782665,223.88107339621018,-36.478199376944566,-19.167970661579638,36.602427498914125,-13.62804395110521,1583.5837568867357,0.0,0.0,1485.3590290004342,-0.1711034810396522,2.8176222453840096,1505.451217580442,-0.012000604298065723,27.7538427835541,Controller Detection,1500,1500,3.5,26.583361387252808
57,1651,1494,1530,1500,-0.5,1.9,194,-4.0,-1000.0,-1000.0,-1000.0,-31.89663992522256,-15.358210261050944,32.890275904315985,-13.095801307286365,1583.5837568867357,0.0,0.0,1486.8438896382736,-0.1745781162098137,7.680450666049372,1505.2383205229146,-0.011281547980081156,26.14402912644953,Controller Memory,1500,1500,3.5,26.662363529205322
58,1651,1496,1530,1500,-0.3,1.8,193,-3.0,-1000.0,-1000.0,-1000.0,-28.32370212987648,-14.58836526470868,29.048381526635556,-13.086024381818422,1583.5837568867357,0.0,0.0,1488.3806473893458,-0.17767504908136128,8.382011543183529,1505.2344097527273,-0.010562980508369986,25.978128579413234,Controller Memory,1500,1500,3.5,26.739360570907593
59,1583,1480,1525,1500,-0.3,1.6,193,-3.0,-31.873754723337843,-12.267826634776506,251.6490542915754,-28.32370212987648,-14.58836526470868,32.472121288201954,-10.582870572237699,1680.771690020514,0.0,0.0,1487.0111514847192,-0.18075107422210315,-6.085478473752477,1504.233148228895,-0.009969570727137854,20.956739092339394,Controller Detection,1500,1500,3.5,26.811370611190796
60,1583,1494,1504,1500,-0.3,1.2,193,-3.0,-1000.0,-1000.0,-1000.0,-28.486782858841444,-11.53805088944142,29.051597639458066,-10.031355370494914,1680.771690020514,0.0,0.0,1488.3793609442168,-0.18382726016848616,6.287821981692097,1504.012542148198,-0.008938859430001223,0.8021276958180112,Controller Memory,1500,1500,3.5,26.88436007499695
61,1680,1495,1493,1500,-0.8,1.1,193,-3.0,-25.9274899707565,-7.189114900324494,245.21998524850386,-28.486782858841444,-11.53805088944142,26.26820644969932,-5.8223224876093465,1658.2699483697636,0.0,0.0,1489.4927174201202,-0.18659325037294403,6.138402559671317,1502.3289289950437,-0.008146175537096009,-8.345145066151316,Controller Detection,1500,1500,3.5,26.957361698150635
62,1658,1497,1497,1500,-1.2,1.3,193,-3.0,-22.84575223907884,-5.148765628384772,233.30971988394091,-28.486782858841444,-11.53805088944142,23.083908502261885,-3.94605513451266,1616.5840195937933,0.0,0.0,1490.7664365990952,-0.18906085612054208,6.926632491208628,1501.578422053805,-0.007657756655989908,-4.511184257661674,Controller Detection,1500,1500,3.5,27.024354934692383
63,1616,1495,1497,1500,-0.7,0.7,194,-4.0,-20.89154873169451,-4.0336446257263425,221.76167452483327,-28.486782858841444,-11.53805088944142,21.122030794417277,-2.5664980995717808,1576.1658608369164,0.0,0.0,1491.5511876822331,-0.19127115308537604,4.5534492785263625,1501.0265992398288,-0.007332128994285686,-3.169221729669183,Controller Detection,1500,1500,3.5,27.09335446357727
64,1616,1496,1498,1500,-0.6,0.3,194,-4.0,-1000.0,-1000.0,-1000.0,-18.880577065893494,-2.886130187331318,19.03591119373017,-1.5620572408804412,1576.1658608369164,0.0,0.0,1492.385635522508,-0.19327905018478342,4.586189135785705,1500.6248228963523,-0.0071257012272630755,-2.296992783716241,Controller Memory,1500,1500,3.5,27.164358377456665
65,1576,1497,1493,1500,-0.8,-0.2,194,-4.0,-17.083108824127144,0.16662290886119857,229.92218965210338,-18.880577065893494,-2.886130187331318,17.02987220305847,1.3578744559879112,1604.7276637823618,0.0,0.0,1493.1880511187767,-0.19508233935462285,4.4290042664148235,1499.4568502176048,-0.007115492088018449,-6.04868091952909,Controller Detection,1500,1500,3.5,27.236360788345337
66,1604,1497,1494,1500,-0.7,-0.3,195,-5.0,-15.710934930719452,1.7316225472046574,236.1112044106727,-18.880577065893494,-2.886130187331318,15.50022923078691,3.0943314037683844,1626.3892154373546,0.0,0.0,1493.7999083076852,-0.19670884442631512,3.461922696035377,1498.7622674384927,-0.007338102381006263,-4.0227939791545,Controller Detection,1500,1500,3.5,27.30537509918213
67,1626,1498,1495,1500,-0.5,-0.4,195,-5.0,-13.784353548543168,3.242599105629751,235.2080857727921,-18.880577065893494,-2.886130187331318,13.449288788196789,4.431645608884991,1623.2283002047723,0.0,0.0,1494.6202844847212,-0.1981563203272643,4.416601130274368,1498.227341756446,-0.007714401231638932,-3.0403369537927127,Controller Detection,1500,1500,3.5,27.377359867095947
68,1623,1502,1493,1500,-0.3,-0.3,195,-5.0,-10.836545908464565,5.150533569877207,232.0089479466511,-18.880577065893494,-2.886130187331318,10.346411000810804,6.07540144212655,1612.0313178132787,0.0,0.0,1495.8614355996756,-0.19934610531671468,6.607264768433277,1497.5698394231495,-0.008239753584189508,-3.563905935009728,Controller Detection,1500,1500,3.5,27.450358390808105
69,1612,1498,1495,1500,-0.2,-0.1,195,-5.0,-10.030035884287281,5.861958751111923,237.4204047623788,-18.880577065893494,-2.886130187331318,9.480965200687647,6.7138274555709305,1630.971416668326,0.0,0.0,1496.207613919725,-0.2003374741267896,2.331552033740247,1497.3144690177717,-0.008879215029074383,-1.6008434755260093,Controller Detection,1500,1500,3.5,27.524364709854126
70,1630,1499,1493,1500,-0.3,0.3,195,-5.0,-8.807970435864497,7.382585370822903,252.5564723937803,-18.880577065893494,-2.886130187331318,8.131018737764988,8.122157610060643,1683.947653378231,0.0,0.0,1496.747592504894,-0.20121807332371222,2.9118522016398867,1496.7511369559757,-0.009621014282355962,-2.962191534027245,Controller Detection,1500,1500,3.5,27.601354598999023
71,1683,1504,1494,1500,-0.2,0.1,195,-5.0,-5.481235177451269,8.430866787640309,240.77731770197417,-18.880577065893494,-2.886130187331318,4.725578965887568,8.87650591723042,1642.7206119569096,0.0,0.0,1498.109768413645,-0.20186090320889485,7.0755933802675575,1496.4493976331078,-0.010470947458720516,-1.7779867537965743,Controller Detection,1500,1500,3.5,27.668355703353882
72,1642,1503,1495,1500,-0.2,0.0,195,-5.0,-3.5251045228067275,8.941718591231595,235.78536500031248,-18.880577065893494,-2.886130187331318,2.7323683105799614,9.214925755361655,1625.2487775010936,0.0,0.0,1498.907052675768,-0.20223380057271823,4.629657072457718,1496.3140296978554,-0.01137551904235012,-0.8384748356985232,Controller Detection,1500,1500,3.5,27.737364292144775
73,1625,1503,1494,1500,-0.2,0.1,196,-6.0,-1.8685050941102892,9.880410306641748,243.43447887945666,-18.880577065893494,-2.886130187331318,0.825485121892692,10.021596351272704,1652.0206760780984,0.0,0.0,1499.669805951243,-0.20241169324434186,4.234644293052513,1495.991361459491,-0.012337345147681839,-1.6895661768856,Controller Detection,1500,1500,3.5,27.802361726760864
74,1652,1504,1494,1500,-0.4,0.3,196,-6.0,-0.18173174386355498,10.536351426537824,243.4224557592996,-18.880577065893494,-2.886130187331318,-0.9206124247081828,10.497628330899616,1651.9785951575486,0.0,0.0,1500.3682449698833,-0.20240693687920108,3.8771627562065234,1495.8009486676401,-0.013363306381790455,-1.1056608844252418,Controller Detection,1500,1500,3.5,27.875357151031494
75,1652,1504,1494,1500,-0.4,0.4,196,-6.0,-1000.0,-1000.0,-1000.0,1.3664481342397046,11.138397245494518,-2.523242135722718,10.934547216346933,1651.9785951575486,0.0,0.0,1501.009296854289,-0.20223474415117954,3.5577287635023906,1495.6261811134611,-0.014434915159152783,-0.9743523967514753,Controller Memory,1500,1500,3.5,27.942354917526245
76,1651,1505,1495,1500,0.1,0.4,195,-5.0,3.2646652105619007,11.294317516395418,244.34417447899312,1.3664481342397046,11.138397245494518,-4.236606805775666,10.966804907148886,1655.204610676476,0.0,0.0,1501.6946427223102,-0.20189675170410462,3.7501592276970217,1495.6132780371404,-0.015529982765327573,-0.1530928722176746,Controller Detection,1500,1500,3.5,28.009368896484375
77,1655,1505,1495,1500,0.4,0.1,195,-5.0,4.900835490273765,11.679495800368283,247.29136000600693,1.3664481342397046,11.138397245494518,-5.900121463029837,11.207915835472797,1665.5197600210242,0.0,0.0,1502.3600485852119,-0.20138991529066436,3.667952880662617,1495.516833665811,-0.01663871880245866,-0.4961393904857924,Controller Detection,1500,1500,3.5,28.06936240196228
78,1665,1505,1495,1500,0.2,-0.2,195,-5.0,6.34470487022197,11.709888392991612,244.5592128817715,1.3664481342397046,11.138397245494518,-7.341145373055369,11.112351266865433,1655.9572450862001,0.0,0.0,1502.936458149222,-0.2007278519488601,3.215498081929483,1495.5550594932538,-0.01775473215757557,0.14602555626147296,Controller Detection,1500,1500,3.5,28.13335394859314
79,1655,1506,1495,1500,0.0,-0.3,195,-5.0,7.754127719034821,11.842949587651285,244.70584620240462,1.3664481342397046,11.138397245494518,-8.756801989663549,11.122066828273349,1656.4704617084162,0.0,0.0,1503.5027207958653,-0.19992295458072415,3.123631240664494,1495.5511732686907,-0.01886645306233251,-0.006156072246606451,Controller Detection,1500,1500,3.5,28.202356338500977
80,1656,1507,1496,1500,-0.3,-0.4,195,-5.0,9.200116714192774,11.743800962702132,241.8176411573364,1.3664481342397046,11.138397245494518,-10.188647188089059,10.897269248897985,1646.3617440506773,0.0,0.0,1504.0754588752357,-0.19897568212183653,3.1476568732750643,1495.6410923004407,-0.019967419866191077,0.44903551581921886,Controller Detection,1500,1500,3.5,28.276360273361206
81,1646,1506,1495,1500,-0.7,-0.7,194,-4.0,10.557751754382203,11.812087518334875,243.869760040146,1.3664481342397046,11.138397245494518,-11.356003174575312,11.046842333762099,1653.544160140511,0.0,0.0,1504.5424012698302,-0.1978984496037033,2.620862597815694,1495.5812630664952,-0.021064625445324083,-0.2583247591992084,Controller Detection,1500,1500,3.5,28.348376750946045
82,1653,1507,1496,1500,-0.6,-1.1,194,-4.0,11.762485612540813,11.424340629705876,241.8132664582449,1.3664481342397046,11.138397245494518,-12.530754505949144,10.576001991320409,1646.346432603857,0.0,0.0,1505.0123018023796,-0.19670411171967708,2.587762898912727,1495.769599203472,-0.02214576766157821,0.9181966158652702,Controller Detection,1500,1500,3.5,28.552366971969604
83,1646,1516,1500,1500,0.0,-1.0,194,-4.0,16.732661063882656,9.69741736487313,245.6688570452044,1.3664481342397046,11.138397245494518,-17.36835878231024,8.506583511390714,1659.8409996582154,0.0,0.0,1506.9473435129241,-0.19520915605526412,9.910459725350618,1496.5973665954436,-0.023099896936713764,4.222309379483505,Controller Detection,1500,1500,3.5,28.62537169456482
84,1659,1510,1498,1500,0.7,-1.2,193,-3.0,18.03384311376012,8.659264632263058,242.73141281415516,1.3664481342397046,11.138397245494518,-18.462319253421434,7.703578986939731,1649.5599448495432,0.0,0.0,1507.3849277013685,-0.19341762215347755,3.0888718263451738,1496.918568405224,-0.023910405061630287,1.9898553561277383,Controller Detection,1500,1500,3.5,28.69835901260376
85,1649,1510,1499,1500,1.0,-0.9,193,-3.0,19.3185379043805,7.53474917616447,242.72305123343907,1.3664481342397046,11.138397245494518,-19.686400822775397,6.513368909844224,1649.5306793170366,0.0,0.0,1507.8745603291102,-0.1915101861496677,2.7289696683756692,1497.3946524360624,-0.024621252456469483,2.5613160956571726,Controller Detection,1500,1500,3.5,28.77035880088806
86,1649,1510,1501,1500,0.7,-0.1,194,-4.0,20.443602144075726,6.305807550860758,241.78018344857276,1.3664481342397046,11.138397245494518,-20.833673455601733,4.864373324397078,1646.2306420700047,0.0,0.0,1508.3334693822408,-0.18948418243574883,2.542633417323188,1498.0542506702411,-0.025190139568181547,3.5308380886813078,Controller Detection,1500,1500,3.5,28.838361501693726
87,1646,1509,1500,1500,0.2,0.3,193,-3.0,21.173788453527173,5.001916987772311,238.70861352803695,1.3664481342397046,11.138397245494518,-21.406550620940497,3.886911568378915,1635.4801473481293,0.0,0.0,1508.562620248376,-0.1873721712319217,1.3769028231614524,1498.4452353726485,-0.025627703812820347,2.275908792825535,Controller Detection,1500,1500,3.5,28.90436601638794
88,1635,1511,1501,1500,0.0,0.1,193,-3.0,22.602589274411034,3.7574514002036548,245.26284282751772,1.3664481342397046,11.138397245494518,-22.768263023419856,2.569373820405491,1658.4199498963121,0.0,0.0,1509.107305209368,-0.1851634305497037,2.8485977888824863,1498.9722504718377,-0.025950518082259566,2.841976295294624,Controller Detection,1500,1500,3.5,28.975358724594116
89,1658,1509,1503,1500,0.0,0.2,194,-4.0,22.86264820869188,2.383323275411874,241.55449827099014,1.3664481342397046,11.138397245494518,-22.97320817421322,0.782699900207591,1645.4407439484655,0.0,0.0,1509.1892832696853,-0.18287635698982205,0.6688537369396811,1499.686920039917,-0.02611812176829022,3.83170932178622,Controller Detection,1500,1500,3.5,29.042360544204712
90,1658,1509,1503,1500,0.2,0.5,194,-4.0,-1000.0,-1000.0,-1000.0,23.145976099946427,0.8862440653187713,-23.151414926352942,-0.7304964547799391,1645.4407439484655,0.0,0.0,1509.2605659705412,-0.18057012583479373,0.4172183894557794,1500.292198581912,-0.026120731940561602,3.3747299210465345,Controller Memory,1500,1500,3.5,29.115357398986816
91,1645,1509,1502,1500,0.5,0.2,193,-3.0,23.548344833091605,-0.33191355068454115,241.6293354396828,23.145976099946427,0.8862440653187713,-23.498701631845474,-1.5638838194772766,1645.7026740388897,0.0,0.0,1509.3994806527382,-0.1782376200068838,0.7325023554810447,1500.625553527791,-0.026006012926848742,1.9735683585807235,Controller Detection,1500,1500,3.5,29.188371658325195
92,1645,1508,1506,1500,0.9,0.0,194,-4.0,23.601396789791433,-2.4930498818059497,241.79296298825966,23.145976099946427,0.8862440653187713,-23.369998604790563,-4.133327153085888,1646.2753704589088,0.0,0.0,1509.3479994419163,-0.17589418499505202,-0.19081493088427248,1501.6533308612343,-0.025721152378220584,5.318301972542743,Controller Detection,1500,1500,3.5,29.254364728927612
93,1646,1509,1505,1500,0.7,0.3,194,-4.0,23.685955415217347,-3.9398422701119076,244.74688690773144,23.145976099946427,0.8862440653187713,-23.353428114406775,-5.5824937393838265,1656.61410417706,0.0,0.0,1509.3413712457627,-0.17355801365909215,-0.05048779266614709,1502.2329974957536,-0.0252353613335971,3.381815170099762,Controller Detection,1500,1500,3.5,29.32636070251465
94,1656,1508,1506,1500,0.5,0.9,195,-5.0,23.429395247133733,-5.337977402179643,245.4988598039094,23.145976099946427,0.8862440653187713,-22.875003939433388,-7.3596711314773025,1659.2460093136829,0.0,0.0,1509.1500015757733,-0.17124659205640014,-0.9614381492800607,1502.943868452591,-0.02458825309005404,3.8617925269232938,Controller Detection,1500,1500,3.5,29.404367685317993
95,1659,1505,1505,1500,0.5,1.0,195,-5.0,21.909995533266752,-6.200282942371035,235.47216504653855,23.145976099946427,0.8862440653187713,-21.286231120366182,-8.086270928158449,1624.1525776628848,0.0,0.0,1508.5144924481465,-0.16903853030341015,-3.2649491062507803,1503.2345083712635,-0.023815955987072254,1.8042716412644098,Controller Detection,1500,1500,3.5,29.481359720230103
96,1624,1509,1509,1500,0.5,0.6,196,-6.0,23.0326030311058,-8.330428882926178,256.44661139064124,23.145976099946427,0.8862440653187713,-22.035661092267627,-10.692356521773736,1697.5631398672444,0.0,0.0,1508.814264436907,-0.16687243569277846,1.2020463886891841,1504.2769426087095,-0.022877024614575643,5.3761958818909745,Controller Detection,1500,1500,3.5,29.560355186462402
97,1697,1503,1507,1500,0.3,0.5,197,-7.0,21.244436203797694,-9.252471656279708,247.0518175842707,23.145976099946427,0.8862440653187713,-19.95849075224343,-11.772550626780202,1664.6813615449475,0.0,0.0,1507.9833963008973,-0.1647727281005529,-4.045063735622103,1504.709020250712,-0.021753779257147946,2.6491332901848392,Controller Detection,1500,1500,3.5,29.63535714149475
98,1664,1503,1509,1500,0.1,0.5,197,-7.0,20.018739600719837,-11.325740372871802,253.43850177939268,23.145976099946427,0.8862440653187713,-18.48926240858515,-13.680990672521009,1687.0347562278744,0.0,0.0,1507.3957049634341,-0.16285034044251148,-3.306189754191296,1505.4723962690084,-0.020481102192182885,4.057710390589327,Controller Detection,1500,1500,3.5,29.708356857299805
99,1687,1503,1507,1500,-0.1,0.3,196,-6.0,18.63058199992477,-12.659577262812649,253.1980565299767,23.145976099946427,0.8862440653187713,-17.20523556547929,-14.537652880207673,1686.1931978549185,0.0,0.0,1506.8820942261916,-0.16106561554380827,-2.868616391138208,1505.815061152083,-0.01907017001454645,2.082207178154176,Controller Detection,1500,1500,3.5,29.78435969352722
100,1686,1499,1510,1500,-0.8,0.3,197,-7.0,16.38168654596022,-14.649271466667706,252.80329033322025,23.145976099946427,0.8862440653187713,-14.474282843580681,-16.536503401815168,1684.8115161662708,0.0,0.0,1505.7897131374323,-0.15948163962335526,-5.722688752082505,1506.614601360726,-0.01751646220044531,4.186992604865368,Controller Detection,1500,1500,3.5,29.858355283737183
101,1684,1502,1507,1500,-1.1,0.4,197,-7.0,15.244518503139084,-15.019034409533393,246.5406820632634,23.145976099946427,0.8862440653187713,-13.300528311846472,-16.764924265056145,1662.8923872214218,0.0,0.0,1505.3202113247387,-0.1580928990655839,-2.867753495475919,1506.7059697060224,-0.015851390817101744,0.8374774178333513,Controller Detection,1500,1500,3.5,29.93036150932312
102,1662,1497,1512,1500,-1.1,0.6,198,-8.0,12.966372090732584,-17.396978981113975,249.07550256046835,23.145976099946427,0.8862440653187713,-10.41899273673564,-19.032242989634728,1671.7642589616391,0.0,0.0,1504.1675970946942,-0.15690692301315481,-6.023776013446746,1507.612897195854,-0.0140615324543672,4.610771759869289,Controller Detection,1500,1500,3.5,29.99735975265503
103,1671,1498,1510,1500,-0.7,0.9,198,-8.0,11.207756335081466,-18.771206922588398,246.62560319866202,23.145976099946427,0.8862440653187713,-8.486236144687549,-20.148345031138113,1663.189611195317,0.0,0.0,1503.394494457875,-0.15596166156908364,-4.413129185318615,1508.0593380124553,-0.012102503053328557,2.6513651520857966,Controller Detection,1500,1500,3.5,30.067359447479248
104,1663,1497,1510,1500,-0.4,0.4,198,-8.0,9.344094587137276,-20.033434690443173,242.6877070448633,23.145976099946427,0.8862440653187713,-6.465043272193066,-21.138917300521598,1649.4069746570215,0.0,0.0,1502.5860173088772,-0.15521409759823962,-4.443579307290658,1508.4555669202086,-0.010038139936745571,2.2221777344111326,Controller Detection,1500,1500,3.5,30.138358116149902
105,1649,1497,1513,1500,-0.8,-0.4,198,-8.0,7.868923363887023,-22.116805799596488,249.4914853310533,23.145976099946427,0.8862440653187713,-4.71427909617042,-22.996709031668043,1673.2201986586865,0.0,0.0,1501.8857116384681,-0.15465513147982143,-3.9054901072535326,1509.1986836126673,-0.007831358620136088,3.91759961996663,Controller Detection,1500,1500,3.5,30.202358722686768
106,1673,1496,1511,1500,-1.2,-0.8,198,-8.0,5.970961431750661,-23.037512957701612,244.39797246220476,23.145976099946427,0.8862440653187713,-2.7066503288191073,-23.64431068340177,1655.3929036177167,0.0,0.0,1501.0826601315277,-0.15428408500857196,-4.370302089907493,1509.4577242733608,-0.005499307634382597,1.651348723464419,Controller Detection,1500,1500,3.5,30.275358200073242
107,1673,1495,1511,1500,-1.5,-1.0,198,-8.0,-1000.0,-1000.0,-1000.0,4.046914936150641,-23.970873817596214,-0.6714297962660036,-24.300812622384566,1655.3929036177167,0.0,0.0,1500.2685719185065,-0.15411518100231772,-4.467741255097797,1509.7203250489538,-0.0031020514690932796,1.46312648918963,Controller Memory,1500,1500,3.5,30.349360942840576
108,1655,1496,1511,1500,-1.4,-1.1,197,-7.0,2.169651958938594,-24.80280867476641,232.42831790837897,4.046914936150641,-23.970873817596214,0.8692223055517219,-24.88234635968894,1613.4991126793263,0.0,0.0,1499.6523110777794,-0.154125070627782,-3.4874624995534322,1509.9529385438755,-0.0006428935199896037,1.2960789736259841,Controller Detection,1500,1500,3.5,30.423360109329224
109,1613,1492,1520,1500,-1.3,-1.0,196,-6.0,-0.5566702259023701,-29.267228128588815,250.17091618202426,4.046914936150641,-23.970873817596214,3.6128791085447403,-29.04871130735936,1675.5982066370848,0.0,0.0,1498.5548483565822,-0.15434917569848683,-5.804355651399985,1511.6194845229438,0.0020536593633628114,8.450555256579566,Controller Detection,1500,1500,3.5,30.49835753440857
110,1675,1494,1510,1500,-0.8,-0.9,195,-5.0,-2.3270046006303806,-28.679410956429695,230.18853554510028,4.046914936150641,-23.970873817596214,4.817725009056041,-28.36746532484442,1605.659874407851,0.0,0.0,1498.0729099963776,-0.15477070590436687,-2.937360496604417,1511.3469861299377,0.004924468194973001,-0.5942596689771876,Controller Detection,1500,1500,3.5,30.572370767593384
111,1605,1494,1514,1500,-0.3,-0.4,194,-4.0,-4.094782132902594,-30.09786766691136,227.1900212021691,4.046914936150641,-23.970873817596214,6.184328565090933,-29.738913211646565,1595.165074207592,0.0,0.0,1497.5262685739635,-0.1553208085830742,-3.000239884488368,1511.8955652846587,0.00782978712179755,2.6888721673336358,Controller Detection,1500,1500,3.5,30.645370721817017
112,1595,1489,1519,1500,0.1,0.1,194,-4.0,-6.905453428436298,-33.542778910823614,230.8743131317443,4.046914936150641,-23.970873817596214,9.228458067349369,-32.97937030647903,1608.060095961105,0.0,0.0,1496.3086167730603,-0.15609144791469623,-6.361008084924904,1513.1917481225917,0.01096570129770383,6.72535711396798,Controller Detection,1500,1500,3.5,30.715358018875122
113,1595,1487,1520,1500,0.3,0.6,195,-5.0,-1000.0,-1000.0,-1000.0,-9.55605276736075,-36.79149727937741,12.726279373712314,-35.81862964789752,1608.060095961105,0.0,0.0,1494.909488250515,-0.15718918478674931,-7.573916074991792,1514.327451859159,0.014405601295422657,6.289914784106796,Controller Memory,1500,1500,3.5,30.781359434127808
114,1595,1487,1522,1500,-0.1,1.0,195,-5.0,-1000.0,-1000.0,-1000.0,-12.206546783188976,-40.040086558229746,15.649820671084747,-38.82385128917017,1608.060095961105,0.0,0.0,1493.740071731566,-0.15860798978898916,-6.535620419744118,1515.529540515668,0.01813772534227604,6.582253717464109,Controller Memory,1500,1500,3.5,30.847358226776123
115,1595,1484,1522,1500,-1.8,0.6,196,-6.0,-1000.0,-1000.0,-1000.0,-14.696346478657528,-43.091720158942294,19.120149642717337,-41.31947269408746,1608.060095961105,0.0,0.0,1492.351940142913,-0.16034648830467926,-7.534805254151008,1516.527789077635,0.02214489154143892,5.5896295114222205,Controller Memory,1500,1500,3.5,30.909355640411377
116,1608,1494,1504,1500,-3.0,0.0,197,-7.0,-13.412974755532952,-38.005675353437994,216.8108248840081,-14.696346478657528,-43.091720158942294,17.944723176659117,-36.0877563860177,1558.8378870940282,0.0,0.0,1492.8221107293364,-0.16219973194564807,1.6658706362845295,1514.435102554407,0.02601525299544418,-9.955284478737493,Controller Detection,1500,1500,3.5,30.974355459213257
117,1558,1483,1521,1500,-3.6,-0.5,197,-7.0,-17.042663378987495,-41.93852775319077,223.23982005111824,-14.696346478657528,-43.091720158942294,22.02665079119244,-39.54894613106012,1581.339370178914,0.0,0.0,1491.189339683523,-0.16419830064404065,-8.012412443949874,1515.8195784524241,0.02979708812129807,6.017353628381429,Controller Detection,1500,1500,3.5,31.03636121749878
118,1581,1486,1517,1500,-3.5,-0.5,197,-7.0,-18.59722405912257,-42.63808713145071,218.2290235024974,-14.696346478657528,-43.091720158942294,23.65487885385488,-40.053837810425094,1563.8015822587408,0.0,0.0,1490.538048458458,-0.16648237712629302,-3.984857256593044,1516.02153512417,0.033777227318372335,1.5568155067646225,Controller Detection,1500,1500,3.5,31.093357801437378
119,1563,1485,1521,1500,-3.2,-0.9,197,-7.0,-20.240418843122942,-44.987961567024286,225.7750181764791,-14.696346478657528,-43.091720158942294,25.572203167659435,-42.185941568881084,1590.2125636176768,0.0,0.0,1489.7711187329362,-0.16894373122736872,-4.19690837820848,1516.8743766275525,0.03788921628733764,4.405736199345128,Controller Detection,1500,1500,3.5,31.15335750579834
120,1590,1485,1519,1500,-3.2,-1.1,197,-7.0,-21.570292373942916,-46.06762189729873,221.5754208067911,-14.696346478657528,-43.091720158942294,27.023741518395585,-43.09548346076187,1575.5139728237689,0.0,0.0,1489.1905033926419,-0.17157352846167148,-3.284613826763981,1517.2381933843049,0.04215328753881979,2.219605256429309,Controller Detection,1500,1500,3.5,31.214356899261475
121,1575,1484,1521,1500,-3.1,-1.3,197,-7.0,-23.033415598691793,-47.92981239253926,221.3357339239074,-14.696346478657528,-43.091720158942294,28.702902777447395,-44.76548360371494,1574.675068733676,0.0,0.0,1488.518838889021,-0.17435986067646364,-3.6569237750821633,1517.906193441486,0.046546335892043635,3.541782581945171,Controller Detection,1500,1500,3.5,31.277355194091797
122,1574,1485,1521,1500,-2.6,-0.8,197,-7.0,-23.96857330309728,-49.48419480584075,224.32692550243547,-14.696346478657528,-43.091720158942294,29.820521522242355,-46.19431283080012,1585.144239258524,0.0,0.0,1488.071791391103,-0.17728603189144812,-2.5676851055064804,1518.47772513232,0.05109432571376939,3.1796386888926507,Controller Detection,1500,1500,3.5,31.34836983680725
123,1585,1484,1527,1500,-2.1,-0.3,196,-6.0,-25.806098371282687,-52.75385960296357,225.3721418154318,-14.696346478657528,-43.091720158942294,31.179009740003494,-49.76739663464704,1588.8024963540113,0.0,0.0,1487.5283961039986,-0.1803360084545604,-2.9504023542046838,1519.9069586538587,0.055892411187041746,7.4352256703204445,Controller Detection,1500,1500,3.5,31.423355102539062
124,1588,1485,1523,1500,-1.8,-0.1,196,-6.0,-26.24750738554833,-53.8360699797101,221.2852708041117,-14.696346478657528,-43.091720158942294,31.731122457117227,-50.79753874378254,1574.4984478143908,0.0,0.0,1487.3075510171532,-0.18348151506441646,-1.3724438300642552,1520.319015497513,0.06092065795596323,2.7362138246637606,Controller Detection,1500,1500,3.5,31.4943528175354
125,1574,1486,1528,1500,-1.6,0.1,195,-5.0,-27.089196850381473,-56.508268289827974,223.28680967112044,-14.696346478657528,-43.091720158942294,31.911134372097532,-53.932258196740015,1581.5038338489214,0.0,0.0,1487.235546251161,-0.1866636279058772,-0.48479145087554265,1521.572903278696,0.06615714780298936,6.518185617248022,Controller Detection,1500,1500,3.5,31.5703604221344
126,1581,1485,1526,1500,-1.1,0.6,195,-5.0,-27.66673882011673,-58.499267232148384,222.9794742938983,-14.696346478657528,-43.091720158942294,32.660005611901,-55.86534468764566,1580.428160028644,0.0,0.0,1486.9359977552397,-0.18989218490507714,-1.541814429686529,1522.3461378750583,0.07164702794720863,4.458735310652018,Controller Detection,1500,1500,3.5,31.64336633682251
127,1580,1482,1526,1500,-0.6,0.9,196,-6.0,-28.037528459896247,-60.595079764082065,223.09534458473755,-14.696346478657528,-43.091720158942294,34.21784651469831,-57.332413813230545,1580.8337060465815,0.0,0.0,1486.3128613941208,-0.19323607751140712,-3.2558467537479396,1522.9329655252923,0.07730691587225244,3.339477824865408,Controller Detection,1500,1500,3.5,31.71535587310791
128,1580,1484,1527,1500,-0.9,1.0,196,-6.0,-1000.0,-1000.0,-1000.0,-28.382618519017946,-62.54563067748691,34.764934223872295,-59.236207671073316,1580.8337060465815,0.0,0.0,1486.094026310451,-0.19668521654833565,-1.3901614868705128,1523.6944830684292,0.08313534694646764,4.111176608855125,Controller Memory,1500,1500,3.5,31.782355785369873
129,1580,1485,1528,1500,-1.3,0.9,196,-6.0,-28.350258390024752,-64.2907337056782,217.8565737368694,-28.382618519017946,-62.54563067748691,34.91516430483219,-60.97513339683784,1562.4980080790428,0.0,0.0,1486.0339342780671,-0.20016922147477087,-0.42683847890801546,1524.390053358735,0.0891459139998632,3.8515947796067866,Controller Detection,1500,1500,3.5,31.849368810653687
130,1562,1486,1530,1500,-1.3,0.9,195,-5.0,-29.02314325509836,-67.41880766574378,221.41515664323717,-28.382618519017946,-62.54563067748691,34.78863768995561,-64.6327251410113,1574.95304825133,0.0,0.0,1486.0845449240178,-0.20365441157451025,0.21424973167061673,1525.8530900564044,0.09542630692675566,7.665328468311185,Controller Detection,1500,1500,3.5,31.91235899925232
131,1574,1486,1530,1500,-1.0,1.1,195,-5.0,-28.739531724210178,-67.26558786592827,217.66647067029888,-28.382618519017946,-62.54563067748691,34.49275140111054,-64.50480676241877,1561.832647346046,0.0,0.0,1486.2028994395557,-0.20711848102906355,0.6112498260238288,1525.8019227049674,0.10170030393471849,7.756194773735596,Controller Detection,1500,1500,3.5,31.974356651306152
132,1574,1489,1530,1500,-0.6,1.6,194,-4.0,-1000.0,-1000.0,-1000.0,-28.44217244455222,-67.10494090929785,33.053892790616395,-64.95745099057105,1561.832647346046,0.0,0.0,1486.7784428837535,-0.2104958132386499,2.933285386990454,1525.9829803962284,0.10799693315408894,8.669743803260559,Controller Memory,1500,1500,3.5,32.03935956954956
133,1574,1487,1530,1500,-0.1,2.0,194,-4.0,-1000.0,-1000.0,-1000.0,-28.14940483663728,-66.94677458179801,32.75080522460844,-64.82009238425023,1561.832647346046,0.0,0.0,1486.8996779101567,-0.21378604813941116,0.8728374399241291,1525.9280369537,0.11428669444314335,8.478076502393922,Controller Memory,1500,1500,3.5,32.10335874557495
134,1574,1487,1530,1500,0.0,2.1,194,-4.0,-1000.0,-1000.0,-1000.0,-27.82915263776651,-66.77375983289907,32.419264245209376,-64.66983875468595,1561.832647346046,0.0,0.0,1487.0322943019162,-0.21704455161290204,0.7424308169730515,1525.8679355018744,0.12056894305071954,8.160144943186586,Controller Memory,1500,1500,3.5,32.1733660697937
135,1574,1487,1530,1500,-0.1,2.0,194,-4.0,-1000.0,-1000.0,-1000.0,-27.541018146612696,-66.61809652500651,32.1209731117445,-64.53465388085475,1561.832647346046,0.0,0.0,1487.1516107553023,-0.22027156348074972,0.6640759775636718,1525.813861552342,0.12684443241460416,7.860872326505322,Controller Memory,1500,1500,3.5,32.23635244369507
136,1574,1487,1530,1500,0.0,2.0,194,-4.0,-1000.0,-1000.0,-1000.0,-27.257366261364776,-66.46485492393734,31.827322594511262,-64.40157212390965,1561.832647346046,0.0,0.0,1487.2690709621954,-0.22346897826606252,0.6476715778813499,1525.7606288495638,0.13311326769064155,7.567502211098638,Controller Memory,1500,1500,3.5,32.29835891723633
137,1574,1487,1530,1500,-0.1,2.2,194,-4.0,-1000.0,-1000.0,-1000.0,-26.937156598170482,-66.2918631547382,31.495825650156736,-64.25133845092897,1561.832647346046,0.0,0.0,1487.4016697399372,-0.2266351356782959,0.7218731230619031,1525.7005353803715,0.1393745912830299,7.24036485464577,Controller Memory,1500,1500,3.5,32.36835694313049
138,1574,1488,1530,1500,0.1,2.4,194,-4.0,-1000.0,-1000.0,-1000.0,-26.62147862050879,-66.1213196074007,31.169020131700627,-64.10323092166165,1561.832647346046,0.0,0.0,1487.5323919473196,-0.22976837796738878,0.7192358662814808,1525.6412923686646,0.14562850949895487,6.914410036433594,Controller Memory,1500,1500,3.5,32.43736433982849
139,1574,1488,1530,1500,0.3,2.5,194,-4.0,-1000.0,-1000.0,-1000.0,-26.283005882887693,-65.9384612978711,30.818616345789202,-63.944428710418606,1561.832647346046,0.0,0.0,1487.6725534616844,-0.23286775979126326,0.7661926505757115,1525.5777714841674,0.15187448760431768,6.5671733577464035,Controller Memory,1500,1500,3.5,32.51135468482971
140,1574,1488,1530,1500,0.2,2.8,194,-4.0,-1000.0,-1000.0,-1000.0,-25.93527454635294,-65.75060107368846,30.458627598517566,-63.781282616147244,1561.832647346046,0.0,0.0,1487.816548960593,-0.23593162198847858,0.7896313718683369,1525.512513046459,0.15811230840496693,6.209314198413935,Controller Memory,1500,1500,3.5,32.587368965148926
141,1574,1488,1530,1500,-0.2,2.8,194,-4.0,-1000.0,-1000.0,-1000.0,-25.615132503977666,-65.57764583631973,30.12720065859282,-63.6310806690174,1561.832647346046,0.0,0.0,1487.9491197365628,-0.2389609134013341,0.7346385500193418,1525.452432267607,0.1643426191082597,5.876377653305841,Controller Memory,1500,1500,3.5,32.65735220909119
142,1574,1485,1529,1500,-0.4,2.5,195,-5.0,-1000.0,-1000.0,-1000.0,-25.313176099284835,-65.41451530444341,30.91810248980706,-62.959404660292435,1561.832647346046,0.0,0.0,1487.6327590040771,-0.2420131785587541,-1.5150183396994534,1525.183761864117,0.17053934601111623,4.50275867720972,Controller Memory,1500,1500,3.5,32.72336006164551
143,1574,1487,1525,1500,-0.3,2.1,195,-5.0,-1000.0,-1000.0,-1000.0,-25.02037904359387,-65.25633306792064,30.61263312499722,-62.82734329979922,1561.832647346046,0.0,0.0,1487.7549467500012,-0.2450897153394943,0.47320978964700533,1525.1309373199197,0.1768286834091208,0.14521897694172076,Controller Memory,1500,1500,3.5,32.787365674972534
144,1574,1488,1525,1500,-0.3,1.7,195,-5.0,-1000.0,-1000.0,-1000.0,-24.73679586982334,-65.10312858790498,30.316776420570953,-62.69943771122443,1561.832647346046,0.0,0.0,1487.8732894317716,-0.24813618581677271,0.6347324806386258,1525.0797750844897,0.183105022459672,-0.2426094519730616,Controller Memory,1500,1500,3.5,32.84935712814331
145,1574,1485,1523,1500,-0.2,1.6,196,-6.0,-1000.0,-1000.0,-1000.0,-24.416587297287418,-64.9301374079289,31.069878160331577,-62.02221497302991,1561.832647346046,0.0,0.0,1487.5720487358674,-0.25120551854581785,-1.4485005267359172,1524.808885989212,0.18934110509388472,-1.3765008811138553,Controller Memory,1500,1500,3.5,32.9193549156189
146,1574,1490,1525,1500,0.2,1.5,195,-5.0,-1000.0,-1000.0,-1000.0,-24.09175542391571,-64.7546485113532,29.643818508398407,-62.4085026857383,1561.832647346046,0.0,0.0,1488.1424725966406,-0.2542412033792544,2.7204374377994367,1524.9634010742952,0.19556264097682313,0.6474389816791523,Controller Memory,1500,1500,3.5,32.990363359451294
147,1574,1488,1524,1500,0.5,1.4,195,-5.0,-1000.0,-1000.0,-1000.0,-23.766983536754424,-64.57919202204643,29.30499043567366,-62.26201959639421,1561.832647346046,0.0,0.0,1488.2780038257306,-0.257188643826458,0.9249686397949,1524.9048078385576,0.20179616709092976,-0.23410808944461595,Controller Memory,1500,1500,3.5,33.06135869026184
148,1574,1488,1524,1500,0.1,1.2,195,-5.0,-1000.0,-1000.0,-1000.0,-23.46966352079783,-64.41856627744659,28.994802356066153,-62.127918228071245,1561.832647346046,0.0,0.0,1488.4020790575735,-0.260103633466045,0.7044642173781857,1524.8511672912284,0.20801566398215304,-0.28948529023180647,Controller Memory,1500,1500,3.5,33.1263530254364
149,1574,1488,1524,1500,-0.1,1.3,195,-5.0,-1000.0,-1000.0,-1000.0,-23.15399644971985,-64.24802862233979,28.665473157498838,-61.98554171826963,1561.832647346046,0.0,0.0,1488.5338107370005,-0.2629866472417232,0.722700598714465,1524.7942166873079,0.2142213369794701,-0.31106986416975735,Controller Memory,1500,1500,3.5,33.19535803794861
150,1574,1491,1525,1500,0.3,1.6,194,-4.0,-1000.0,-1000.0,-1000.0,-22.84284688561564,-64.07993152919471,27.257192919921366,-62.33039958761816,1561.832647346046,0.0,0.0,1489.0971228320313,-0.26578278054559423,2.8822605295835313,1524.9321598350473,0.2204371340447645,0.6614366601361734,Controller Memory,1500,1500,3.5,33.26337552070618
151,1574,1489,1524,1500,0.7,1.5,194,-4.0,-1000.0,-1000.0,-1000.0,-22.518154616515453,-63.90451805317214,26.9210553593352,-62.17806279775134,1561.832647346046,0.0,0.0,1489.2315778562659,-0.26849169295955705,0.9342988056799271,1524.8712251191005,0.22666255716403297,-0.24454297426672045,Controller Memory,1500,1500,3.5,33.33435344696045
152,1574,1487,1523,1500,1.0,1.2,195,-5.0,-1000.0,-1000.0,-1000.0,-22.17962516465905,-63.72162910404283,27.64893090834925,-61.546067362125626,1561.832647346046,0.0,0.0,1488.9404276366604,-0.27122019227294125,-1.3708148429662907,1524.6184269448502,0.2328487636720268,-1.2862220507302156,Controller Memory,1500,1500,3.5,33.40835618972778
153,1574,1489,1524,1500,0.5,0.6,195,-5.0,-1000.0,-1000.0,-1000.0,-21.83652912620217,-63.536273077913606,27.290985611772175,-61.39131946170182,1561.832647346046,0.0,0.0,1489.083605755291,-0.2739671880989473,0.591271061975396,1524.5565277846808,0.2389956330132182,-0.42642507818672454,Controller Memory,1500,1500,3.5,33.483357191085815
154,1574,1489,1524,1500,0.0,0.1,195,-5.0,-1000.0,-1000.0,-1000.0,-21.48885886653621,-63.34844585022296,26.928268120871152,-61.23450843303159,1561.832647346046,0.0,0.0,1489.2286927516516,-0.2766781507855795,0.7791868965270817,1524.4938033732126,0.24512692440795486,-0.352387973539246,Controller Memory,1500,1500,3.5,33.5593581199646
155,1574,1489,1524,1500,-0.4,0.0,195,-5.0,-1000.0,-1000.0,-1000.0,-21.14577482532141,-63.16309630554752,26.570335340778954,-61.07976594376914,1561.832647346046,0.0,0.0,1489.3718658636885,-0.279353080958662,0.7867007325959503,1524.4319063775076,0.2512426381267949,-0.3415202488466564,Controller Memory,1500,1500,3.5,33.63435649871826
156,1574,1489,1524,1500,-0.5,-0.1,195,-5.0,-1000.0,-1000.0,-1000.0,-20.82090477890671,-62.98758678616432,26.23140486045068,-60.93323858128671,1561.832647346046,0.0,0.0,1489.5074380558196,-0.2819931679687235,0.749379209074359,1524.3732954325146,0.2573432883530477,-0.3241020203145572,Controller Memory,1500,1500,3.5,33.70636057853699
157,1574,1490,1524,1500,-0.7,0.0,195,-5.0,-1000.0,-1000.0,-1000.0,-20.48244949181955,-62.80473790420387,25.87830116779549,-60.78058381645865,1561.832647346046,0.0,0.0,1489.6486795328817,-0.2845986532701358,0.7743327679535018,1524.3122335265834,0.263428979472935,-0.33477334968471,Controller Memory,1500,1500,3.5,33.780367612838745
158,1574,1492,1525,1500,-0.9,0.2,194,-4.0,-1000.0,-1000.0,-1000.0,-20.148544431457307,-62.62434726089726,24.467917225332343,-61.06630608784311,1561.832647346046,0.0,0.0,1490.212833109867,-0.2871159641897922,2.8911617729220707,1524.4265224351373,0.26952132396815004,0.5410106018884875,Controller Memory,1500,1500,3.5,33.852351665496826
159,1561,1470,1494,1500,-0.6,0.6,194,-4.0,-57.7087124259984,-52.416773508137524,180.4668392768112,-20.148544431457307,-62.62434726089726,61.224546187930564,-48.26353259917809,1431.6339374688393,0.0,0.0,1475.5101815248277,-0.2914005873604553,-73.25042503674898,1519.3054130396713,0.2749878159025011,-25.556364195340173,Controller Detection,1500,1500,3.5,33.9153573513031
160,1561,1470,1514,1500,-0.2,1.0,195,-5.0,-1000.0,-1000.0,-1000.0,-57.43419916724329,-52.268469007183555,61.77114193815715,-47.06385141479096,1431.6339374688393,0.0,0.0,1475.291543224737,-0.2957125403186298,-81.26557897444498,1518.8255405659163,0.27975418510319955,-4.722668204714277,Controller Memory,1500,1500,3.5,33.97536611557007
161,1431,1470,1512,1500,-0.3,1.3,195,-5.0,-63.61000321201761,-50.400248733939776,184.29476948245465,-57.43419916724329,-52.268469007183555,67.76061905848408,-44.664483495131705,1445.0316931885914,0.0,0.0,1472.8957523766064,-0.3003239671328206,-93.9731835730712,1517.8657933980526,0.2843406018486957,-5.228069312474354,Controller Detection,1500,1500,3.5,34.04236578941345
162,1445,1470,1517,1500,-0.7,0.9,194,-4.0,-64.29902744220782,-49.37392898629299,183.36992533058583,-57.43419916724329,-52.268469007183555,67.58654942399306,-44.76838315726221,1441.7947386570504,0.0,0.0,1472.9653802304028,-0.30492669046528686,-94.78028108578245,1517.907353262905,0.2888122451813154,-0.2674797041457557,Controller Detection,1500,1500,3.5,34.111356019973755
163,1441,1470,1510,1500,-0.8,0.8,194,-4.0,-66.67181679094548,-46.171727631642035,180.43147186024345,-57.43419916724329,-52.268469007183555,69.73018450241408,-41.40846478626355,1431.510151510852,0.0,0.0,1472.1079261990344,-0.30963659555167417,-99.14092374378005,1516.5633859145055,0.29312108757849165,-6.744153078737836,Controller Detection,1500,1500,3.5,34.18336081504822
164,1431,1470,1514,1500,-1.2,0.3,194,-4.0,-70.47261825374953,-45.65485066024839,184.74633329342157,-57.43419916724329,-52.268469007183555,73.48567188899838,-40.62771639374735,1446.6121665269754,0.0,0.0,1470.6057312444007,-0.31453427500739073,-107.04832057676663,1516.2510865574989,0.2972228966374922,-2.1746016103722066,Controller Detection,1500,1500,3.5,34.24935579299927
165,1431,1470,1511,1500,-1.8,0.3,195,-5.0,-1000.0,-1000.0,-1000.0,-73.98121016957575,-45.17771172493275,77.6371863503686,-38.55790957059532,1446.6121665269754,0.0,0.0,1468.9451254598525,-0.3196395301861758,-116.07020375705127,1515.423163828238,0.30118217793570934,-4.337304701792439,Controller Memory,1500,1500,3.5,34.30835723876953
166,1431,1470,1513,1500,-1.7,0.7,195,-5.0,-1000.0,-1000.0,-1000.0,-77.9575409131876,-44.63696425045108,81.55125670723655,-37.67265974414033,1446.6121665269754,0.0,0.0,1467.3794973171055,-0.32494048888280425,-124.71851566899488,1515.0690638976562,0.30499370640144613,-2.164800080345652,Controller Memory,1500,1500,3.5,34.37635564804077
167,1431,1470,1512,1500,-1.8,1.0,195,-5.0,-1000.0,-1000.0,-1000.0,-82.16784563539491,-44.05635929257651,85.69493689250358,-36.72731192816196,1446.6121665269754,0.0,0.0,1465.7220252429986,-0.33044863158869603,-133.792086213342,1514.6909247712647,0.30871370498506123,-2.087495639260896,Controller Memory,1500,1500,3.5,34.449366092681885
168,1431,1470,1512,1500,-2.2,0.8,195,-5.0,-1000.0,-1000.0,-1000.0,-86.37876380385762,-43.491748898963316,89.84062220780594,-35.79784434693502,1446.6121665269754,0.0,0.0,1464.0637511168777,-0.3361640585603529,-142.90832689343281,1514.319137738774,0.3123399627988161,-2.0487074932957747,Controller Memory,1500,1500,3.5,34.5203652381897
169,1431,1470,1511,1500,-2.0,0.9,195,-5.0,-1000.0,-1000.0,-1000.0,-91.11468043126386,-42.847704144954875,94.50238504373422,-34.74348804640544,1446.6121665269754,0.0,0.0,1462.1990459825063,-0.34211257367380626,-153.0606017180249,1513.8973952185622,0.3158670294184831,-2.294958736813329,Controller Memory,1500,1500,3.5,34.60135316848755
170,1431,1470,1511,1500,-1.5,1.5,195,-5.0,-1000.0,-1000.0,-1000.0,-95.14991595735492,-42.29894611641865,98.47443786681178,-33.84512425840417,1446.6121665269754,0.0,0.0,1460.6102248532752,-0.34825969142841345,-161.92764143914295,1513.5380497033616,0.3192964600337236,-2.0053601884401138,Controller Memory,1500,1500,3.5,34.67035889625549
171,1431,1470,1515,1500,-1.1,1.6,194,-4.0,-1000.0,-1000.0,-1000.0,-99.12628852684783,-41.7581929539696,101.79772616046196,-34.741771751717515,1446.6121665269754,0.0,0.0,1459.2809095358152,-0.3545729735977032,-169.38031254654496,1513.896708700687,0.3227258048342297,1.610989514950317,Controller Memory,1500,1500,3.5,34.73835802078247
172,1431,1470,1521,1500,-6.0,-1.7,192,-2.0,-1000.0,-1000.0,-1000.0,-103.21967596955916,-41.20152675479157,104.59470987897767,-37.574113156787696,1446.6121665269754,0.0,0.0,1458.162116048409,-0.3610261049529187,-175.65179553879472,1515.0296452627151,0.32634159907965493,5.811136402408573,Controller Memory,1500,1500,3.5,34.80835819244385
173,1431,1470,1530,1500,-12.7,-1.8,187,3.0,-1000.0,-1000.0,-1000.0,-107.2543259333155,-40.652848357798604,104.9797319143975,-46.210392750909094,1446.6121665269754,0.0,0.0,1458.008107234241,-0.3674984874099052,-176.99197442711164,1518.4841571003637,0.3305308243750398,17.800844315734484,Controller Memory,1500,1500,3.5,34.87735390663147
174,1431,1470,1530,1500,-5.8,5.9,188,2.0,-1000.0,-1000.0,-1000.0,-110.93873991111688,-40.1517991036233,109.46988144781109,-43.99904590018231,1446.6121665269754,0.0,0.0,1456.2120474208755,-0.3741953773435624,-186.09410793833126,1517.599618360073,0.3346094823278883,14.468124060946906,Controller Memory,1500,1500,3.5,34.94036030769348
175,1431,1470,1516,1500,-1.6,6.3,191,-1.0,-1000.0,-1000.0,-1000.0,-114.74018270409704,-39.63483491672989,115.41443046655607,-37.62630603615637,1446.6121665269754,0.0,0.0,1453.8342278133775,-0.38118949472815683,-198.81067265865937,1515.0505224144626,0.3383695032875355,1.419669764277978,Controller Memory,1500,1500,3.5,35.00536799430847
176,1431,1470,1499,1500,0.4,4.5,194,-4.0,-1000.0,-1000.0,-1000.0,-118.4232861376255,-39.13396388553237,120.86466028881247,-30.777844666221043,1446.6121665269754,0.0,0.0,1451.654135884475,-0.38845612360386406,-210.86718364138383,1512.3111378664885,0.34178971082265436,-13.567861852209024,Controller Memory,1500,1500,3.5,35.06835198402405
177,1431,1470,1493,1500,1.4,3.9,197,-7.0,-1000.0,-1000.0,-1000.0,-122.22439432355725,-38.617045202377966,126.0195861655989,-23.433792919075465,1446.6121665269754,0.0,0.0,1449.5921655337604,-0.3959804987734106,-222.27308184793162,1509.37351716763,0.3445002927019192,-15.921545480855611,Controller Memory,1500,1500,3.5,35.13335394859314
178,1431,1470,1495,1500,1.3,3.1,199,-9.0,-1000.0,-1000.0,-1000.0,-125.85008476436398,-38.12398185439859,130.26456609126842,-17.967321689269102,1446.6121665269754,0.0,0.0,1447.8941735634926,-0.40371712293924067,-231.79994153622957,1507.1869286757076,0.3465703484323364,-12.380355685145053,Controller Memory,1500,1500,3.5,35.196364641189575
179,1431,1470,1498,1500,0.5,1.6,200,-10.0,-1000.0,-1000.0,-1000.0,-129.70966553200407,-37.59911139285252,134.26810143180273,-14.50404936063125,1446.6121665269754,0.0,0.0,1446.292759427279,-0.4116539238720974,-240.67309037077982,1505.8016197442525,0.34819391698483143,-8.052031537743437,Controller Memory,1500,1500,3.5,35.26135802268982
180,1431,1470,1502,1500,-1.2,-0.7,200,-10.0,-1000.0,-1000.0,-1000.0,-133.5689256345561,-37.07428453905632,137.97759547493428,-13.317042322072894,1446.6121665269754,0.0,0.0,1444.8089618100262,-0.41977619950711076,-248.89872835109293,1505.3268169288292,0.3495849715689666,-3.106016944184297,Controller Memory,1500,1500,3.5,35.327354431152344
181,1431,1470,1508,1500,-1.3,-1.5,199,-9.0,-1000.0,-1000.0,-1000.0,-137.89625917194218,-36.485803642355094,141.90616457016733,-14.464875320185932,1446.6121665269754,0.0,0.0,1443.237534171933,-0.42809490359688573,-257.5036518124966,1505.7859501280743,0.35097406745107956,2.0133008194820503,Controller Memory,1500,1500,3.5,35.401355266571045
182,1431,1470,1509,1500,-0.6,-1.3,198,-8.0,-1000.0,-1000.0,-1000.0,-142.0482725579257,-35.92116480890502,145.6651284305662,-15.802283924354946,1446.6121665269754,0.0,0.0,1441.7339486277735,-0.43660155587968064,-265.80384530251285,1506.320913569742,0.35248742541330663,2.8578445555636676,Controller Memory,1500,1500,3.5,35.472357988357544
183,1431,1470,1516,1500,-0.1,-0.7,196,-6.0,-1000.0,-1000.0,-1000.0,-146.08320136088906,-35.37244849212954,148.98036998179302,-19.908821970736376,1446.6121665269754,0.0,0.0,1440.4078520072828,-0.4452739702400369,-273.1888914495134,1507.9635287882945,0.3542729807080612,8.472880143268648,Controller Memory,1500,1500,3.5,35.54135847091675
184,1431,1470,1519,1500,0.3,0.0,194,-4.0,-1000.0,-1000.0,-1000.0,-150.23584213508832,-34.80772433916883,152.29793928343224,-24.243011894785877,1446.6121665269754,0.0,0.0,1439.0808242866271,-0.45411226306547514,-280.49539788433736,1509.6972047579143,0.3564805724013373,9.438641679305242,Controller Memory,1500,1500,3.5,35.61237192153931
185,1431,1470,1515,1500,1.2,1.2,193,-3.0,-1000.0,-1000.0,-1000.0,-154.56214396740853,-34.219383745662874,156.14122609121617,-26.083329666025666,1446.6121665269754,0.0,0.0,1437.5435095635135,-0.46314272023130254,-288.8461993576165,1510.4333318664103,0.35899688947937786,4.538693876961872,Controller Memory,1500,1500,3.5,35.686355113983154
186,1431,1470,1516,1500,1.8,2.3,192,-2.0,-1000.0,-1000.0,-1000.0,-158.6557684234458,-33.662685314669716,159.7339303911943,-28.105172449384533,1446.6121665269754,0.0,0.0,1436.1064278435224,-0.47235281261212886,-296.79077172787083,1511.2420689797539,0.36170631458514835,4.4562941009869945,Controller Memory,1500,1500,3.5,35.75735855102539
187,1446,1470,1470,1500,1.1,2.5,191,-1.0,-74.6775098233767,-8.755947295683443,278.72130826936035,-158.6557684234458,-33.662685314669716,74.81894842786966,-7.451311469338125,1775.5245789427613,0.0,0.0,1470.0724206288521,-0.47731715589478896,-127.68304165306287,1502.9805245877353,0.3634841387810845,-40.90260431454854,Controller Detection,1500,1500,3.5,35.82435917854309
188,1750,1470,1470,1500,0.7,2.0,191,-1.0,-72.33788299092853,-7.3798309578357895,278.4601653250695,-158.6557684234458,-33.662685314669716,72.4556613902872,-6.116236839065555,1774.6105786377434,0.0,0.0,1471.0177354438852,-0.48216333482556994,-107.58303757109725,1502.4464947356262,0.36519520924550697,-47.69628979468782,Controller Detection,1500,1500,3.5,35.88835620880127
189,1750,1470,1470,1500,0.9,1.3,192,-2.0,-1000.0,-1000.0,-1000.0,-69.92478736269646,-5.960501912389615,70.09020958837633,-3.516531049684453,1774.6105786377434,0.0,0.0,1471.9639161646494,-0.4868912411662554,-101.02486086891498,1501.4066124198737,0.3667762944204604,-53.513309144371775,Controller Memory,1500,1500,3.5,35.954362869262695
190,1750,1470,1470,1500,0.7,0.7,192,-2.0,-69.50202902097556,-4.683935104619754,284.212367313561,-69.92478736269646,-5.960501912389615,69.62315724051636,-2.255495945275048,1794.7432855974635,0.0,0.0,1472.1507371037935,-0.4915957948895478,-99.49455829117849,1500.90219837811,0.3682943278401934,-56.564199294070946,Controller Detection,1500,1500,3.5,36.017380475997925
191,1750,1470,1470,1500,-0.1,0.1,192,-2.0,-68.72619043422345,-3.3439385833745026,289.14485350590223,-69.92478736269646,-5.960501912389615,68.8010260694943,-0.9433920899050725,1812.0069872706579,0.0,0.0,1472.4795895722023,-0.4962592420542891,-97.71117753297649,1500.377356835962,0.36974675606715784,-59.46576065478355,Controller Detection,1500,1500,3.5,36.08638548851013
192,1750,1470,1470,1500,-1.2,-0.3,193,-3.0,-68.80509081575107,-2.023592777984371,298.0709966476852,-69.92478736269646,-5.960501912389615,68.81670249316181,1.5801607078136763,1843.2484882668982,0.0,0.0,1472.4733190027353,-0.5009234730402138,-97.58040485683861,1499.3679357168746,0.37107300665423637,-64.77664455574038,Controller Detection,1500,1500,3.5,36.15439176559448
193,1750,1470,1470,1500,-1.7,-0.8,193,-3.0,-1000.0,-1000.0,-1000.0,-68.88629260478015,-0.6647344371385482,68.8266758472943,2.9414065538073872,1843.2484882668982,0.0,0.0,1472.4693296610824,-0.5055882026938451,-97.58846314000014,1498.8234373784771,0.37233119494901523,-67.98194387508751,Controller Memory,1500,1500,3.5,36.22438168525696
194,1750,1470,1470,1500,-1.6,-1.6,194,-4.0,-64.24035762014128,0.3237129129698365,295.89919294412374,-68.88629260478015,-0.6647344371385482,64.06129026637348,4.804105184226201,1835.647175304433,0.0,0.0,1474.3754838934506,-0.5100146630684304,-88.058424549355,1498.0783579263095,0.3734962483122731,-71.99873198313851,Controller Detection,1500,1500,3.5,36.2893807888031
195,1750,1470,1470,1500,-2.1,-0.9,194,-4.0,-1000.0,-1000.0,-1000.0,-64.32738263401662,1.7800190779037854,64.04651650893125,6.26293441863154,1835.647175304433,0.0,0.0,1474.3813933964275,-0.5144403847551435,-87.16250988986644,1497.4948262325474,0.37458836021381076,-75.28155300722655,Controller Memory,1500,1500,3.5,36.36438989639282
196,1750,1470,1470,1500,-2.0,-1.1,195,-5.0,-61.09834739635875,2.029398518544027,304.239726865756,-64.32738263401662,1.7800190779037854,60.68897600320549,7.346747892472896,1864.839044030146,0.0,0.0,1475.7244095987178,-0.5186982294165704,-80.3659820911887,1497.061300843011,0.37562628144165633,-77.74761822982636,Controller Detection,1500,1500,3.5,36.436384201049805
197,1750,1470,1470,1500,-2.2,-1.5,195,-5.0,-59.220077913888794,2.5715965472750204,309.26110120504205,-64.32738263401662,1.7800190779037854,58.77059823127102,7.723180722185578,1882.4138542176472,0.0,0.0,1476.4917607074915,-0.5228601551894005,-75.9113603838036,1496.9107277111257,0.37664538102801626,-78.7246716367608,Controller Detection,1500,1500,3.5,36.512389183044434
198,1750,1470,1470,1500,-2.4,-1.5,196,-6.0,-1000.0,-1000.0,-1000.0,-57.39144186216381,3.099466947004829,56.75306302175792,9.081526965333417,1882.4138542176472,0.0,0.0,1477.2987747912969,-0.526921204201755,-71.47132435501511,1496.3673892138665,0.3775965633022188,-81.53018716005052,Controller Memory,1500,1500,3.5,36.58638572692871
199,1750,1470,1470,1500,-2.0,-1.5,197,-7.0,-1000.0,-1000.0,-1000.0,-55.612297835398195,3.613050537189295,54.75745210379862,10.363553628824329,1882.4138542176472,0.0,0.0,1478.0970191584806,-0.5308824726682115,-67.07646288011574,1495.8545785484703,0.3784836442432468,-84.34928735278595,Controller Memory,1500,1500,3.5,36.658379554748535
200,1750,1470,1470,1500,-1.0,-0.9,197,-7.0,-1000.0,-1000.0,-1000.0,-53.83299472712378,4.126680049261586,52.92881595968766,10.65651212287695,1882.4138542176472,0.0,0.0,1478.828473616125,-0.5347523093274625,-63.019657730539336,1495.7373951508491,0.3793560772595722,-85.19148617659442,Controller Memory,1500,1500,3.5,36.730379819869995
201,1750,1470,1470,1500,-1.0,-0.5,197,-7.0,-1000.0,-1000.0,-1000.0,-52.1031424004546,4.626034657463157,51.151001671716514,10.94132865031274,1882.4138542176472,0.0,0.0,1479.5395993313134,-0.538533255272315,-59.09522868645374,1495.623468539875,0.3802142694495258,-85.83768276090312,Controller Memory,1500,1500,3.5,36.800379037857056
202,1750,1470,1470,1500,-1.4,-0.3,197,-7.0,-1000.0,-1000.0,-1000.0,-50.323686102579124,5.139708390612611,49.3222080906629,11.234312366709222,1882.4138542176472,0.0,0.0,1480.2711167637349,-0.5422227615381148,-55.080875247611445,1495.5062750533164,0.38105781245365955,-86.48239533772416,Controller Memory,1500,1500,3.5,36.87238550186157
203,1750,1470,1470,1500,-0.7,-0.2,195,-5.0,-1000.0,-1000.0,-1000.0,-48.149189175004146,5.767418076904455,47.463303367326716,9.941949655135698,1882.4138542176472,0.0,0.0,1481.0146786530693,-0.5458193225677477,-50.99812457922615,1496.0232201379458,0.381965973593372,-83.95628014883356,Controller Memory,1500,1500,3.5,36.96037745475769
204,1750,1470,1470,1500,-0.4,-0.5,195,-5.0,-1000.0,-1000.0,-1000.0,-46.59224077267517,6.216860695472978,45.87310811848039,10.25398501442537,1882.4138542176472,0.0,0.0,1481.6507567526078,-0.5493363738349383,-47.4465749298621,1495.89840599423,0.38285853296511996,-84.35070403205921,Controller Memory,1500,1500,3.5,37.02338004112244
205,1750,1470,1470,1500,-0.7,-1.1,195,-5.0,-1000.0,-1000.0,-1000.0,-45.03536896514672,6.66628120350292,44.28299110002866,10.566005022990465,1882.4138542176472,0.0,0.0,1482.2868035599886,-0.5527739192512063,-43.94347274301646,1495.7735979908039,0.38373549133643964,-85.01060076584629,Controller Memory,1500,1500,3.5,37.086379528045654
206,1750,1470,1470,1500,-0.3,-1.1,195,-5.0,-1000.0,-1000.0,-1000.0,-43.330180164248965,7.158516218281062,42.54138994900949,10.90774993846033,1882.4138542176472,0.0,0.0,1482.9834440203963,-0.5561243846099234,-40.14180660581034,1495.636900024616,0.38459536246198583,-85.75408120894848,Controller Memory,1500,1500,3.5,37.155380725860596
207,1750,1470,1470,1500,-0.1,-1.0,196,-6.0,-1000.0,-1000.0,-1000.0,-41.72366903406782,7.622266056122849,40.69835865201594,11.941821491155837,1882.4138542176472,0.0,0.0,1483.7206565391937,-0.5593826984037908,-36.11013799934995,1495.2232714035376,0.38540353000989724,-87.88981344553059,Controller Memory,1500,1500,3.5,37.22139811515808
208,1750,1470,1470,1500,-0.5,-1.0,196,-6.0,-1000.0,-1000.0,-1000.0,-40.142257430830355,8.078770440552356,39.07789248522748,12.230522572122549,1882.4138542176472,0.0,0.0,1484.368843005909,-0.5625599888893188,-32.502690337912995,1495.107790971151,0.38619726250376035,-88.66137308351693,Controller Memory,1500,1500,3.5,37.28537893295288
209,1750,1470,1470,1500,-1.5,-1.4,196,-6.0,-1000.0,-1000.0,-1000.0,-38.26416470559239,8.620917444963546,37.153418355210185,12.573385492074513,1882.4138542176472,0.0,0.0,1485.1386326579159,-0.5656410556683459,-28.325792290475047,1494.97064580317,0.38697385185162586,-89.41724070869236,Controller Memory,1500,1500,3.5,37.360379219055176
210,1750,1470,1470,1500,-1.7,-1.5,196,-6.0,-1000.0,-1000.0,-1000.0,-36.36102548058036,9.170294595491072,35.20327917670251,12.92082087851427,1882.4138542176472,0.0,0.0,1485.918688329319,-0.5686246154884477,-24.045795929147154,1494.8316716485942,0.3877330694301694,-90.18082672022418,Controller Memory,1500,1500,3.5,37.43739056587219
211,1750,1470,1470,1500,-1.5,-1.2,195,-5.0,-1000.0,-1000.0,-1000.0,-34.38427276034899,9.740921674406636,33.40445295802042,12.700641357837146,1882.4138542176472,0.0,0.0,1486.6382188167918,-0.5715182339976153,-20.059052913480443,1494.919743456865,0.38850329598474675,-89.80988458900919,Controller Memory,1500,1500,3.5,37.517380714416504
212,1750,1471,1470,1500,-1.1,-0.7,195,-5.0,-1000.0,-1000.0,-1000.0,-32.48136921164628,10.290230792507757,31.46091508763665,13.082011216738595,1882.4138542176472,0.0,0.0,1487.4156339649453,-0.5743146756132637,-15.809545989470472,1494.7671955133046,0.38925445404637904,-90.53890229488344,Controller Memory,1500,1500,3.5,37.594382524490356
213,1750,1489,1470,1500,-0.2,-0.9,194,-4.0,-1000.0,-1000.0,-1000.0,-30.6527154841981,10.818106294669544,29.823414062173413,12.929979274311457,1882.4138542176472,0.0,0.0,1488.0706343751306,-0.5773788920707542,1.8377705973382503,1494.8280082902754,0.3900132137051327,-90.30111274692683,Controller Memory,1500,1500,3.5,37.66837978363037
214,1750,1492,1470,1500,0.0,-1.1,194,-4.0,-1000.0,-1000.0,-1000.0,-28.848701714890403,11.338869006650548,27.987468209293112,13.323631795366763,1882.4138542176472,0.0,0.0,1488.8050127162828,-0.5802694361843276,3.8389617600640777,1494.6705472818533,0.3907522907378336,-91.06680055740503,Controller Memory,1500,1500,3.5,37.74137997627258
215,1750,1492,1470,1500,0.1,-0.8,194,-4.0,-1000.0,-1000.0,-1000.0,-27.242243611878855,11.80260353719639,26.352574871875934,13.674175839419652,1882.4138542176472,0.0,0.0,1489.4589700512497,-0.582986438338386,3.618783198476546,1494.530329664232,0.39147384056833184,-91.83749662828156,Controller Memory,1500,1500,3.5,37.80638599395752
216,1750,1494,1470,1500,0.6,-0.6,195,-5.0,-1000.0,-1000.0,-1000.0,-25.512520907179812,12.301920727563438,24.343255024453736,14.47867091417406,1882.4138542176472,0.0,0.0,1490.2626979902186,-0.5855212298332025,4.34761998561499,1494.2085316343305,0.39215516564509234,-93.51655005696097,Controller Memory,1500,1500,3.5,37.87637996673584
217,1750,1494,1470,1500,1.1,-0.5,195,-5.0,-1000.0,-1000.0,-1000.0,-23.906174750415197,12.765622942706742,22.702607188810227,14.80060630999055,1882.4138542176472,0.0,0.0,1490.9189571244758,-0.5878735229438657,3.6765338517974726,1494.0797574760038,0.39282039395206203,-94.31306206938298,Controller Memory,1500,1500,3.5,37.94138145446777
218,1750,1494,1470,1500,1.1,-0.4,195,-5.0,-1000.0,-1000.0,-1000.0,-22.1515705193586,13.272122656491643,20.910535397825903,15.152254804462133,1882.4138542176472,0.0,0.0,1491.6357858408696,-0.5900541800731975,3.918373932132053,1493.9390980782152,0.39346803983430817,-95.0887692412736,Controller Memory,1500,1500,3.5,38.01238226890564
219,1750,1496,1470,1500,0.9,-0.5,196,-6.0,-1000.0,-1000.0,-1000.0,-20.446393502276308,13.764354269648464,18.895619219651465,15.826181788929853,1882.4138542176472,0.0,0.0,1492.4417523121394,-0.5920444878040714,4.386048168360881,1493.669527284428,0.3940819893673309,-96.50714204401727,Controller Memory,1500,1500,3.5,38.08138298988342
220,1750,1496,1470,1500,0.1,-0.9,197,-7.0,-1000.0,-1000.0,-1000.0,-18.889562938101996,14.213762872003784,17.016541051872117,16.409874271426357,1882.4138542176472,0.0,0.0,1493.193383579251,-0.5938400958176475,4.156887987227866,1493.4360502914294,0.3946667542762288,-97.80346999107789,Controller Memory,1500,1500,3.5,38.14438080787659
221,1750,1497,1470,1500,-1.1,-1.3,197,-7.0,-1000.0,-1000.0,-1000.0,-17.11034231653585,14.727368572726835,15.187989681499497,16.702819184216903,1882.4138542176472,0.0,0.0,1493.9248041274002,-0.595450322354316,4.035001648675047,1493.3188723263133,0.3952368719394872,-98.5072078118463,Controller Memory,1500,1500,3.5,38.21637773513794
222,1750,1497,1470,1500,-2.5,-2.2,197,-7.0,-1000.0,-1000.0,-1000.0,-15.405129948007165,15.219610390747615,13.435498520226417,16.98357879465143,1882.4138542176472,0.0,0.0,1494.6258005919094,-0.5968814967644024,3.87180065424389,1493.2065684821393,0.39579295162222383,-99.13270319823977,Controller Memory,1500,1500,3.5,38.2853798866272
223,1750,1499,1470,1500,-2.8,-2.6,197,-7.0,-1000.0,-1000.0,-1000.0,-13.526878141260411,15.761803317046628,11.505170221699592,17.2928289826589,1882.4138542176472,0.0,0.0,1495.3979319113203,-0.5981285302014987,4.212638474712187,1493.0828684069365,0.3963335687955601,-99.80806679119956,Controller Memory,1500,1500,3.5,38.36138415336609
224,1750,1499,1470,1500,-2.8,-2.6,196,-6.0,-1000.0,-1000.0,-1000.0,-11.574694676276728,16.325338015509328,9.8048247926736,17.445791153015556,1882.4138542176472,0.0,0.0,1496.0780700829305,-0.5991940299522174,3.783657992116728,1493.0216835387937,0.3968665378603785,-100.17538782218195,Controller Memory,1500,1500,3.5,38.44038009643555
225,1750,1500,1470,1500,-2.8,-2.9,196,-6.0,-1000.0,-1000.0,-1000.0,-9.67167328941936,16.87468114982365,7.854806362453338,17.793205027027707,1882.4138542176472,0.0,0.0,1496.8580774550187,-0.6000770115099737,4.2440057688147705,1492.882717989189,0.3973821362314964,-100.90360839120464,Controller Memory,1500,1500,3.5,38.51738667488098
226,1750,1500,1470,1500,-1.8,-2.0,194,-4.0,-1000.0,-1000.0,-1000.0,-7.521769184722999,17.495291652419986,6.283036680233961,17.977366095908476,1882.4138542176472,0.0,0.0,1497.4867853279063,-0.6007839036621081,3.5293580706946432,1492.8090535616366,0.3978885265491702,-101.33813239887733,Controller Memory,1500,1500,3.5,38.60438346862793
227,1750,1502,1470,1500,-1.3,-1.7,194,-4.0,-1000.0,-1000.0,-1000.0,-5.495223952237865,18.08029228222456,4.220620429008094,18.41957704427974,1882.4138542176472,0.0,0.0,1498.3117518283968,-0.6013090865175702,4.445683236151246,1492.6321691822882,0.3983728063194254,-102.26205647813558,Controller Memory,1500,1500,3.5,38.68638849258423
228,1750,1502,1470,1500,-0.1,-0.5,193,-3.0,-1000.0,-1000.0,-1000.0,-3.2465891496552928,18.729403269053194,2.2619185821138954,18.873648620480562,1882.4138542176472,0.0,0.0,1499.0952325671544,-0.6016332134681263,4.321556715256692,1492.4505405518078,0.3988343825108706,-103.25419272865159,Controller Memory,1500,1500,3.5,38.77738046646118
229,1750,1503,1470,1500,0.6,-0.2,193,-3.0,-1000.0,-1000.0,-1000.0,-1.4425930560707911,19.250160878602212,0.4331404550119984,19.29927868920812,1882.4138542176472,0.0,0.0,1499.8267438179953,-0.6017679664199825,4.050425046499857,1492.2802885243168,0.39927467719887944,-104.19564707069907,Controller Memory,1500,1500,3.5,38.850379943847656
230,1750,1505,1470,1500,0.7,-0.6,194,-4.0,-1000.0,-1000.0,-1000.0,0.5591943801191874,19.828014702012794,-1.940964597673314,19.74070722665658,1882.4138542176472,0.0,0.0,1500.7763858390692,-0.6016925752128495,5.1164305641433385,1492.1037171093374,0.3996929004600158,-105.16409090396394,Controller Memory,1500,1500,3.5,38.93138313293457
